DateID,Date,Day,Month,Year,Quarter,DayOfWeek
0,2013-01-01 00:00:00,1,1,2013,1,1
20,2013-04-22 00:00:00,22,4,2013,2,0
70,2013-09-27 00:00:00,27,9,2013,3,4
73,2013-10-12 00:00:00,12,10,2013,4,5
86,2014-01-01 00:00:00,1,1,2014,1,2
91,2014-01-06 00:00:00,6,1,2014,1,0
92,2014-01-07 00:00:00,7,1,2014,1,1
1483,2017-11-01 00:00:00,1,11,2017,4,2
95,2014-01-10 00:00:00,10,1,2014,1,4
97,2014-01-12 00:00:00,12,1,2014,1,6
99,2014-01-14 00:00:00,14,1,2014,1,1
108,2014-01-23 00:00:00,23,1,2014,1,3
111,2014-01-26 00:00:00,26,1,2014,1,6
112,2014-01-27 00:00:00,27,1,2014,1,0
115,2014-01-30 00:00:00,30,1,2014,1,3
322,2014-08-25 00:00:00,25,8,2014,3,0
120,2014-02-04 00:00:00,4,2,2014,1,1
123,2014-02-07 00:00:00,7,2,2014,1,4
132,2014-02-16 00:00:00,16,2,2014,1,6
1042,2016-08-16 00:00:00,16,8,2016,3,1
136,2014-02-20 00:00:00,20,2,2014,1,3
141,2014-02-25 00:00:00,25,2,2014,1,1
143,2014-02-27 00:00:00,27,2,2014,1,3
920,2016-04-15 00:00:00,15,4,2016,2,4
1141,2016-11-23 00:00:00,23,11,2016,4,2
1237,2017-02-28 00:00:00,28,2,2017,1,1
1401,2017-08-11 00:00:00,11,8,2017,3,4
153,2014-03-09 00:00:00,9,3,2014,1,6
158,2014-03-14 00:00:00,14,3,2014,1,4
165,2014-03-21 00:00:00,21,3,2014,1,4
167,2014-03-23 00:00:00,23,3,2014,1,6
173,2014-03-29 00:00:00,29,3,2014,1,5
176,2014-04-01 00:00:00,1,4,2014,2,1
180,2014-04-05 00:00:00,5,4,2014,2,5
673,2015-08-12 00:00:00,12,8,2015,3,2
195,2014-04-20 00:00:00,20,4,2014,2,6
1580,2018-02-06 00:00:00,6,2,2018,1,1
1119,2016-11-01 00:00:00,1,11,2016,4,1
204,2014-04-29 00:00:00,29,4,2014,2,1
452,2015-01-02 00:00:00,2,1,2015,1,4
1595,2018-02-21 00:00:00,21,2,2018,1,2
205,2014-04-30 00:00:00,30,4,2014,2,2
207,2014-05-02 00:00:00,2,5,2014,2,4
208,2014-05-03 00:00:00,3,5,2014,2,5
210,2014-05-05 00:00:00,5,5,2014,2,0
213,2014-05-08 00:00:00,8,5,2014,2,3
825,2016-01-11 00:00:00,11,1,2016,1,0
1462,2017-10-11 00:00:00,11,10,2017,4,2
781,2015-11-28 00:00:00,28,11,2015,4,5
1209,2017-01-31 00:00:00,31,1,2017,1,1
226,2014-05-21 00:00:00,21,5,2014,2,2
522,2015-03-13 00:00:00,13,3,2015,1,4
228,2014-05-23 00:00:00,23,5,2014,2,4
232,2014-05-27 00:00:00,27,5,2014,2,1
692,2015-08-31 00:00:00,31,8,2015,3,0
1206,2017-01-28 00:00:00,28,1,2017,1,5
969,2016-06-03 00:00:00,3,6,2016,2,4
233,2014-05-28 00:00:00,28,5,2014,2,2
1392,2017-08-02 00:00:00,2,8,2017,3,2
239,2014-06-03 00:00:00,3,6,2014,2,1
1167,2016-12-19 00:00:00,19,12,2016,4,0
275,2014-07-09 00:00:00,9,7,2014,3,2
260,2014-06-24 00:00:00,24,6,2014,2,1
297,2014-07-31 00:00:00,31,7,2014,3,3
269,2014-07-03 00:00:00,3,7,2014,3,3
276,2014-07-10 00:00:00,10,7,2014,3,3
281,2014-07-15 00:00:00,15,7,2014,3,1
283,2014-07-17 00:00:00,17,7,2014,3,3
284,2014-07-18 00:00:00,18,7,2014,3,4
287,2014-07-21 00:00:00,21,7,2014,3,0
293,2014-07-27 00:00:00,27,7,2014,3,6
298,2014-08-01 00:00:00,1,8,2014,3,4
1582,2018-02-08 00:00:00,8,2,2018,1,3
299,2014-08-02 00:00:00,2,8,2014,3,5
302,2014-08-05 00:00:00,5,8,2014,3,1
303,2014-08-06 00:00:00,6,8,2014,3,2
305,2014-08-08 00:00:00,8,8,2014,3,4
307,2014-08-10 00:00:00,10,8,2014,3,6
311,2014-08-14 00:00:00,14,8,2014,3,3
319,2014-08-22 00:00:00,22,8,2014,3,4
325,2014-08-28 00:00:00,28,8,2014,3,3
1358,2017-06-29 00:00:00,29,6,2017,2,3
1293,2017-04-25 00:00:00,25,4,2017,2,1
1575,2018-02-01 00:00:00,1,2,2018,1,3
332,2014-09-04 00:00:00,4,9,2014,3,3
333,2014-09-05 00:00:00,5,9,2014,3,4
945,2016-05-10 00:00:00,10,5,2016,2,1
1051,2016-08-25 00:00:00,25,8,2016,3,3
506,2015-02-25 00:00:00,25,2,2015,1,2
350,2014-09-22 00:00:00,22,9,2014,3,0
790,2015-12-07 00:00:00,7,12,2015,4,0
1140,2016-11-22 00:00:00,22,11,2016,4,1
362,2014-10-04 00:00:00,4,10,2014,4,5
368,2014-10-10 00:00:00,10,10,2014,4,4
1205,2017-01-27 00:00:00,27,1,2017,1,4
381,2014-10-23 00:00:00,23,10,2014,4,3
1215,2017-02-06 00:00:00,6,2,2017,1,0
384,2014-10-26 00:00:00,26,10,2014,4,6
1038,2016-08-12 00:00:00,12,8,2016,3,4
1149,2016-12-01 00:00:00,1,12,2016,4,3
1343,2017-06-14 00:00:00,14,6,2017,2,2
397,2014-11-08 00:00:00,8,11,2014,4,5
399,2014-11-10 00:00:00,10,11,2014,4,0
400,2014-11-11 00:00:00,11,11,2014,4,1
1148,2016-11-30 00:00:00,30,11,2016,4,2
407,2014-11-18 00:00:00,18,11,2014,4,1
412,2014-11-23 00:00:00,23,11,2014,4,6
416,2014-11-27 00:00:00,27,11,2014,4,3
418,2014-11-29 00:00:00,29,11,2014,4,5
1469,2017-10-18 00:00:00,18,10,2017,4,2
419,2014-11-30 00:00:00,30,11,2014,4,6
1631,2018-03-29 00:00:00,29,3,2018,1,3
422,2014-12-03 00:00:00,3,12,2014,4,2
425,2014-12-06 00:00:00,6,12,2014,4,5
646,2015-07-16 00:00:00,16,7,2015,3,3
539,2015-03-30 00:00:00,30,3,2015,1,0
1188,2017-01-09 00:00:00,9,1,2017,1,0
576,2015-05-07 00:00:00,7,5,2015,2,3
426,2014-12-07 00:00:00,7,12,2014,4,6
428,2014-12-09 00:00:00,9,12,2014,4,1
584,2015-05-15 00:00:00,15,5,2015,2,4
1049,2016-08-23 00:00:00,23,8,2016,3,1
1001,2016-07-06 00:00:00,6,7,2016,3,2
429,2014-12-10 00:00:00,10,12,2014,4,2
430,2014-12-11 00:00:00,11,12,2014,4,3
431,2014-12-12 00:00:00,12,12,2014,4,4
682,2015-08-21 00:00:00,21,8,2015,3,4
950,2016-05-15 00:00:00,15,5,2016,2,6
502,2015-02-21 00:00:00,21,2,2015,1,5
435,2014-12-16 00:00:00,16,12,2014,4,1
549,2015-04-09 00:00:00,9,4,2015,2,3
437,2014-12-18 00:00:00,18,12,2014,4,3
438,2014-12-19 00:00:00,19,12,2014,4,4
440,2014-12-21 00:00:00,21,12,2014,4,6
447,2014-12-28 00:00:00,28,12,2014,4,6
657,2015-07-27 00:00:00,27,7,2015,3,0
449,2014-12-30 00:00:00,30,12,2014,4,1
1335,2017-06-06 00:00:00,6,6,2017,2,1
451,2015-01-01 00:00:00,1,1,2015,1,3
453,2015-01-03 00:00:00,3,1,2015,1,5
1086,2016-09-29 00:00:00,29,9,2016,3,3
454,2015-01-04 00:00:00,4,1,2015,1,6
455,2015-01-05 00:00:00,5,1,2015,1,0
456,2015-01-06 00:00:00,6,1,2015,1,1
458,2015-01-08 00:00:00,8,1,2015,1,3
459,2015-01-09 00:00:00,9,1,2015,1,4
460,2015-01-10 00:00:00,10,1,2015,1,5
461,2015-01-11 00:00:00,11,1,2015,1,6
854,2016-02-09 00:00:00,9,2,2016,1,1
975,2016-06-09 00:00:00,9,6,2016,2,3
524,2015-03-15 00:00:00,15,3,2015,1,6
1232,2017-02-23 00:00:00,23,2,2017,1,3
464,2015-01-14 00:00:00,14,1,2015,1,2
465,2015-01-15 00:00:00,15,1,2015,1,3
466,2015-01-16 00:00:00,16,1,2015,1,4
467,2015-01-17 00:00:00,17,1,2015,1,5
1457,2017-10-06 00:00:00,6,10,2017,4,4
1138,2016-11-20 00:00:00,20,11,2016,4,6
1225,2017-02-16 00:00:00,16,2,2017,1,3
567,2015-04-28 00:00:00,28,4,2015,2,1
470,2015-01-20 00:00:00,20,1,2015,1,1
474,2015-01-24 00:00:00,24,1,2015,1,5
475,2015-01-25 00:00:00,25,1,2015,1,6
476,2015-01-26 00:00:00,26,1,2015,1,0
938,2016-05-03 00:00:00,3,5,2016,2,1
477,2015-01-27 00:00:00,27,1,2015,1,1
1394,2017-08-04 00:00:00,4,8,2017,3,4
1075,2016-09-18 00:00:00,18,9,2016,3,6
479,2015-01-29 00:00:00,29,1,2015,1,3
1211,2017-02-02 00:00:00,2,2,2017,1,3
480,2015-01-30 00:00:00,30,1,2015,1,4
1558,2018-01-15 00:00:00,15,1,2018,1,0
485,2015-02-04 00:00:00,4,2,2015,1,2
486,2015-02-05 00:00:00,5,2,2015,1,3
487,2015-02-06 00:00:00,6,2,2015,1,4
488,2015-02-07 00:00:00,7,2,2015,1,5
1081,2016-09-24 00:00:00,24,9,2016,3,5
1144,2016-11-26 00:00:00,26,11,2016,4,5
489,2015-02-08 00:00:00,8,2,2015,1,6
491,2015-02-10 00:00:00,10,2,2015,1,1
1219,2017-02-10 00:00:00,10,2,2017,1,4
492,2015-02-11 00:00:00,11,2,2015,1,2
493,2015-02-12 00:00:00,12,2,2015,1,3
494,2015-02-13 00:00:00,13,2,2015,1,4
495,2015-02-14 00:00:00,14,2,2015,1,5
496,2015-02-15 00:00:00,15,2,2015,1,6
497,2015-02-16 00:00:00,16,2,2015,1,0
498,2015-02-17 00:00:00,17,2,2015,1,1
1262,2017-03-25 00:00:00,25,3,2017,1,5
500,2015-02-19 00:00:00,19,2,2015,1,3
503,2015-02-22 00:00:00,22,2,2015,1,6
507,2015-02-26 00:00:00,26,2,2015,1,3
508,2015-02-27 00:00:00,27,2,2015,1,4
509,2015-02-28 00:00:00,28,2,2015,1,5
510,2015-03-01 00:00:00,1,3,2015,1,6
512,2015-03-03 00:00:00,3,3,2015,1,1
513,2015-03-04 00:00:00,4,3,2015,1,2
514,2015-03-05 00:00:00,5,3,2015,1,3
515,2015-03-06 00:00:00,6,3,2015,1,4
516,2015-03-07 00:00:00,7,3,2015,1,5
517,2015-03-08 00:00:00,8,3,2015,1,6
518,2015-03-09 00:00:00,9,3,2015,1,0
520,2015-03-11 00:00:00,11,3,2015,1,2
521,2015-03-12 00:00:00,12,3,2015,1,3
785,2015-12-02 00:00:00,2,12,2015,4,2
525,2015-03-16 00:00:00,16,3,2015,1,0
1245,2017-03-08 00:00:00,8,3,2017,1,2
864,2016-02-19 00:00:00,19,2,2016,1,4
527,2015-03-18 00:00:00,18,3,2015,1,2
528,2015-03-19 00:00:00,19,3,2015,1,3
1378,2017-07-19 00:00:00,19,7,2017,3,2
1380,2017-07-21 00:00:00,21,7,2017,3,4
1387,2017-07-28 00:00:00,28,7,2017,3,4
1397,2017-08-07 00:00:00,7,8,2017,3,0
719,2015-09-27 00:00:00,27,9,2015,3,6
1509,2017-11-27 00:00:00,27,11,2017,4,0
1381,2017-07-22 00:00:00,22,7,2017,3,5
530,2015-03-21 00:00:00,21,3,2015,1,5
617,2015-06-17 00:00:00,17,6,2015,2,2
531,2015-03-22 00:00:00,22,3,2015,1,6
532,2015-03-23 00:00:00,23,3,2015,1,0
533,2015-03-24 00:00:00,24,3,2015,1,1
926,2016-04-21 00:00:00,21,4,2016,2,3
534,2015-03-25 00:00:00,25,3,2015,1,2
535,2015-03-26 00:00:00,26,3,2015,1,3
1059,2016-09-02 00:00:00,2,9,2016,3,4
537,2015-03-28 00:00:00,28,3,2015,1,5
1309,2017-05-11 00:00:00,11,5,2017,2,3
728,2015-10-06 00:00:00,6,10,2015,4,1
770,2015-11-17 00:00:00,17,11,2015,4,1
667,2015-08-06 00:00:00,6,8,2015,3,3
540,2015-03-31 00:00:00,31,3,2015,1,1
1031,2016-08-05 00:00:00,5,8,2016,3,4
541,2015-04-01 00:00:00,1,4,2015,2,2
542,2015-04-02 00:00:00,2,4,2015,2,3
1197,2017-01-18 00:00:00,18,1,2017,1,2
906,2016-04-01 00:00:00,1,4,2016,2,4
544,2015-04-04 00:00:00,4,4,2015,2,5
545,2015-04-05 00:00:00,5,4,2015,2,6
547,2015-04-07 00:00:00,7,4,2015,2,1
1268,2017-03-31 00:00:00,31,3,2017,1,4
548,2015-04-08 00:00:00,8,4,2015,2,2
550,2015-04-10 00:00:00,10,4,2015,2,4
552,2015-04-12 00:00:00,12,4,2015,2,6
554,2015-04-14 00:00:00,14,4,2015,2,1
555,2015-04-15 00:00:00,15,4,2015,2,2
556,2015-04-16 00:00:00,16,4,2015,2,3
680,2015-08-19 00:00:00,19,8,2015,3,2
557,2015-04-17 00:00:00,17,4,2015,2,4
558,2015-04-18 00:00:00,18,4,2015,2,5
559,2015-04-19 00:00:00,19,4,2015,2,6
560,2015-04-20 00:00:00,20,4,2015,2,0
561,2015-04-22 00:00:00,22,4,2015,2,2
562,2015-04-23 00:00:00,23,4,2015,2,3
563,2015-04-24 00:00:00,24,4,2015,2,4
565,2015-04-26 00:00:00,26,4,2015,2,6
566,2015-04-27 00:00:00,27,4,2015,2,0
777,2015-11-24 00:00:00,24,11,2015,4,1
1133,2016-11-15 00:00:00,15,11,2016,4,1
899,2016-03-25 00:00:00,25,3,2016,1,4
1094,2016-10-07 00:00:00,7,10,2016,4,4
1286,2017-04-18 00:00:00,18,4,2017,2,1
1373,2017-07-14 00:00:00,14,7,2017,3,4
570,2015-05-01 00:00:00,1,5,2015,2,4
571,2015-05-02 00:00:00,2,5,2015,2,5
572,2015-05-03 00:00:00,3,5,2015,2,6
1278,2017-04-10 00:00:00,10,4,2017,2,0
574,2015-05-05 00:00:00,5,5,2015,2,1
577,2015-05-08 00:00:00,8,5,2015,2,4
823,2016-01-09 00:00:00,9,1,2016,1,5
580,2015-05-11 00:00:00,11,5,2015,2,0
757,2015-11-04 00:00:00,4,11,2015,4,2
1238,2017-03-01 00:00:00,1,3,2017,1,2
581,2015-05-12 00:00:00,12,5,2015,2,1
582,2015-05-13 00:00:00,13,5,2015,2,2
1494,2017-11-12 00:00:00,12,11,2017,4,6
585,2015-05-16 00:00:00,16,5,2015,2,5
586,2015-05-17 00:00:00,17,5,2015,2,6
587,2015-05-18 00:00:00,18,5,2015,2,0
589,2015-05-20 00:00:00,20,5,2015,2,2
590,2015-05-21 00:00:00,21,5,2015,2,3
591,2015-05-22 00:00:00,22,5,2015,2,4
592,2015-05-23 00:00:00,23,5,2015,2,5
594,2015-05-25 00:00:00,25,5,2015,2,0
595,2015-05-26 00:00:00,26,5,2015,2,1
596,2015-05-27 00:00:00,27,5,2015,2,2
597,2015-05-28 00:00:00,28,5,2015,2,3
598,2015-05-29 00:00:00,29,5,2015,2,4
599,2015-05-30 00:00:00,30,5,2015,2,5
1295,2017-04-27 00:00:00,27,4,2017,2,3
601,2015-06-01 00:00:00,1,6,2015,2,0
603,2015-06-03 00:00:00,3,6,2015,2,2
1180,2017-01-01 00:00:00,1,1,2017,1,6
604,2015-06-04 00:00:00,4,6,2015,2,3
605,2015-06-05 00:00:00,5,6,2015,2,4
606,2015-06-06 00:00:00,6,6,2015,2,5
609,2015-06-09 00:00:00,9,6,2015,2,1
610,2015-06-10 00:00:00,10,6,2015,2,2
612,2015-06-12 00:00:00,12,6,2015,2,4
613,2015-06-13 00:00:00,13,6,2015,2,5
614,2015-06-14 00:00:00,14,6,2015,2,6
615,2015-06-15 00:00:00,15,6,2015,2,0
616,2015-06-16 00:00:00,16,6,2015,2,1
619,2015-06-19 00:00:00,19,6,2015,2,4
620,2015-06-20 00:00:00,20,6,2015,2,5
621,2015-06-21 00:00:00,21,6,2015,2,6
622,2015-06-22 00:00:00,22,6,2015,2,0
623,2015-06-23 00:00:00,23,6,2015,2,1
624,2015-06-24 00:00:00,24,6,2015,2,2
626,2015-06-26 00:00:00,26,6,2015,2,4
627,2015-06-27 00:00:00,27,6,2015,2,5
629,2015-06-29 00:00:00,29,6,2015,2,0
630,2015-06-30 00:00:00,30,6,2015,2,1
631,2015-07-01 00:00:00,1,7,2015,3,2
632,2015-07-02 00:00:00,2,7,2015,3,3
634,2015-07-04 00:00:00,4,7,2015,3,5
635,2015-07-05 00:00:00,5,7,2015,3,6
636,2015-07-06 00:00:00,6,7,2015,3,0
637,2015-07-07 00:00:00,7,7,2015,3,1
638,2015-07-08 00:00:00,8,7,2015,3,2
639,2015-07-09 00:00:00,9,7,2015,3,3
640,2015-07-10 00:00:00,10,7,2015,3,4
641,2015-07-11 00:00:00,11,7,2015,3,5
642,2015-07-12 00:00:00,12,7,2015,3,6
643,2015-07-13 00:00:00,13,7,2015,3,0
645,2015-07-15 00:00:00,15,7,2015,3,2
647,2015-07-17 00:00:00,17,7,2015,3,4
1436,2017-09-15 00:00:00,15,9,2017,3,4
792,2015-12-09 00:00:00,9,12,2015,4,2
648,2015-07-18 00:00:00,18,7,2015,3,5
649,2015-07-19 00:00:00,19,7,2015,3,6
650,2015-07-20 00:00:00,20,7,2015,3,0
1034,2016-08-08 00:00:00,8,8,2016,3,0
1077,2016-09-20 00:00:00,20,9,2016,3,1
651,2015-07-21 00:00:00,21,7,2015,3,1
652,2015-07-22 00:00:00,22,7,2015,3,2
653,2015-07-23 00:00:00,23,7,2015,3,3
654,2015-07-24 00:00:00,24,7,2015,3,4
655,2015-07-25 00:00:00,25,7,2015,3,5
656,2015-07-26 00:00:00,26,7,2015,3,6
658,2015-07-28 00:00:00,28,7,2015,3,1
806,2015-12-23 00:00:00,23,12,2015,4,2
660,2015-07-30 00:00:00,30,7,2015,3,3
661,2015-07-31 00:00:00,31,7,2015,3,4
662,2015-08-01 00:00:00,1,8,2015,3,5
1574,2018-01-31 00:00:00,31,1,2018,1,2
663,2015-08-02 00:00:00,2,8,2015,3,6
664,2015-08-03 00:00:00,3,8,2015,3,0
665,2015-08-04 00:00:00,4,8,2015,3,1
666,2015-08-05 00:00:00,5,8,2015,3,2
715,2015-09-23 00:00:00,23,9,2015,3,2
1491,2017-11-09 00:00:00,9,11,2017,4,3
668,2015-08-07 00:00:00,7,8,2015,3,4
669,2015-08-08 00:00:00,8,8,2015,3,5
670,2015-08-09 00:00:00,9,8,2015,3,6
671,2015-08-10 00:00:00,10,8,2015,3,0
672,2015-08-11 00:00:00,11,8,2015,3,1
1517,2017-12-05 00:00:00,5,12,2017,4,1
674,2015-08-13 00:00:00,13,8,2015,3,3
891,2016-03-17 00:00:00,17,3,2016,1,3
676,2015-08-15 00:00:00,15,8,2015,3,5
677,2015-08-16 00:00:00,16,8,2015,3,6
678,2015-08-17 00:00:00,17,8,2015,3,0
679,2015-08-18 00:00:00,18,8,2015,3,1
681,2015-08-20 00:00:00,20,8,2015,3,3
683,2015-08-22 00:00:00,22,8,2015,3,5
684,2015-08-23 00:00:00,23,8,2015,3,6
685,2015-08-24 00:00:00,24,8,2015,3,0
687,2015-08-26 00:00:00,26,8,2015,3,2
1396,2017-08-06 00:00:00,6,8,2017,3,6
688,2015-08-27 00:00:00,27,8,2015,3,3
689,2015-08-28 00:00:00,28,8,2015,3,4
690,2015-08-29 00:00:00,29,8,2015,3,5
691,2015-08-30 00:00:00,30,8,2015,3,6
1125,2016-11-07 00:00:00,7,11,2016,4,0
1165,2016-12-17 00:00:00,17,12,2016,4,5
694,2015-09-02 00:00:00,2,9,2015,3,2
695,2015-09-03 00:00:00,3,9,2015,3,3
696,2015-09-04 00:00:00,4,9,2015,3,4
697,2015-09-05 00:00:00,5,9,2015,3,5
698,2015-09-06 00:00:00,6,9,2015,3,6
699,2015-09-07 00:00:00,7,9,2015,3,0
700,2015-09-08 00:00:00,8,9,2015,3,1
701,2015-09-09 00:00:00,9,9,2015,3,2
1046,2016-08-20 00:00:00,20,8,2016,3,5
1251,2017-03-14 00:00:00,14,3,2017,1,1
703,2015-09-11 00:00:00,11,9,2015,3,4
704,2015-09-12 00:00:00,12,9,2015,3,5
706,2015-09-14 00:00:00,14,9,2015,3,0
707,2015-09-15 00:00:00,15,9,2015,3,1
708,2015-09-16 00:00:00,16,9,2015,3,2
709,2015-09-17 00:00:00,17,9,2015,3,3
710,2015-09-18 00:00:00,18,9,2015,3,4
711,2015-09-19 00:00:00,19,9,2015,3,5
712,2015-09-20 00:00:00,20,9,2015,3,6
1399,2017-08-09 00:00:00,9,8,2017,3,2
713,2015-09-21 00:00:00,21,9,2015,3,0
714,2015-09-22 00:00:00,22,9,2015,3,1
716,2015-09-24 00:00:00,24,9,2015,3,3
717,2015-09-25 00:00:00,25,9,2015,3,4
718,2015-09-26 00:00:00,26,9,2015,3,5
987,2016-06-22 00:00:00,22,6,2016,2,2
721,2015-09-29 00:00:00,29,9,2015,3,1
1277,2017-04-09 00:00:00,9,4,2017,2,6
723,2015-10-01 00:00:00,1,10,2015,4,3
724,2015-10-02 00:00:00,2,10,2015,4,4
1196,2017-01-17 00:00:00,17,1,2017,1,1
1493,2017-11-11 00:00:00,11,11,2017,4,5
725,2015-10-03 00:00:00,3,10,2015,4,5
729,2015-10-07 00:00:00,7,10,2015,4,2
730,2015-10-08 00:00:00,8,10,2015,4,3
731,2015-10-09 00:00:00,9,10,2015,4,4
732,2015-10-10 00:00:00,10,10,2015,4,5
733,2015-10-11 00:00:00,11,10,2015,4,6
734,2015-10-12 00:00:00,12,10,2015,4,0
735,2015-10-13 00:00:00,13,10,2015,4,1
736,2015-10-14 00:00:00,14,10,2015,4,2
737,2015-10-15 00:00:00,15,10,2015,4,3
738,2015-10-16 00:00:00,16,10,2015,4,4
739,2015-10-17 00:00:00,17,10,2015,4,5
740,2015-10-18 00:00:00,18,10,2015,4,6
1506,2017-11-24 00:00:00,24,11,2017,4,4
742,2015-10-20 00:00:00,20,10,2015,4,1
743,2015-10-21 00:00:00,21,10,2015,4,2
1008,2016-07-13 00:00:00,13,7,2016,3,2
1465,2017-10-14 00:00:00,14,10,2017,4,5
744,2015-10-22 00:00:00,22,10,2015,4,3
745,2015-10-23 00:00:00,23,10,2015,4,4
746,2015-10-24 00:00:00,24,10,2015,4,5
747,2015-10-25 00:00:00,25,10,2015,4,6
748,2015-10-26 00:00:00,26,10,2015,4,0
1163,2016-12-15 00:00:00,15,12,2016,4,3
749,2015-10-27 00:00:00,27,10,2015,4,1
910,2016-04-05 00:00:00,5,4,2016,2,1
750,2015-10-28 00:00:00,28,10,2015,4,2
751,2015-10-29 00:00:00,29,10,2015,4,3
752,2015-10-30 00:00:00,30,10,2015,4,4
753,2015-10-31 00:00:00,31,10,2015,4,5
754,2015-11-01 00:00:00,1,11,2015,4,6
755,2015-11-02 00:00:00,2,11,2015,4,0
756,2015-11-03 00:00:00,3,11,2015,4,1
758,2015-11-05 00:00:00,5,11,2015,4,3
760,2015-11-07 00:00:00,7,11,2015,4,5
761,2015-11-08 00:00:00,8,11,2015,4,6
762,2015-11-09 00:00:00,9,11,2015,4,0
763,2015-11-10 00:00:00,10,11,2015,4,1
764,2015-11-11 00:00:00,11,11,2015,4,2
765,2015-11-12 00:00:00,12,11,2015,4,3
767,2015-11-14 00:00:00,14,11,2015,4,5
768,2015-11-15 00:00:00,15,11,2015,4,6
769,2015-11-16 00:00:00,16,11,2015,4,0
771,2015-11-18 00:00:00,18,11,2015,4,2
772,2015-11-19 00:00:00,19,11,2015,4,3
1121,2016-11-03 00:00:00,3,11,2016,4,3
774,2015-11-21 00:00:00,21,11,2015,4,5
775,2015-11-22 00:00:00,22,11,2015,4,6
776,2015-11-23 00:00:00,23,11,2015,4,0
778,2015-11-25 00:00:00,25,11,2015,4,2
779,2015-11-26 00:00:00,26,11,2015,4,3
913,2016-04-08 00:00:00,8,4,2016,2,4
967,2016-06-01 00:00:00,1,6,2016,2,2
1066,2016-09-09 00:00:00,9,9,2016,3,4
783,2015-11-30 00:00:00,30,11,2015,4,0
784,2015-12-01 00:00:00,1,12,2015,4,1
1626,2018-03-24 00:00:00,24,3,2018,1,5
786,2015-12-03 00:00:00,3,12,2015,4,3
805,2015-12-22 00:00:00,22,12,2015,4,1
787,2015-12-04 00:00:00,4,12,2015,4,4
788,2015-12-05 00:00:00,5,12,2015,4,5
789,2015-12-06 00:00:00,6,12,2015,4,6
791,2015-12-08 00:00:00,8,12,2015,4,1
795,2015-12-12 00:00:00,12,12,2015,4,5
1467,2017-10-16 00:00:00,16,10,2017,4,0
796,2015-12-13 00:00:00,13,12,2015,4,6
797,2015-12-14 00:00:00,14,12,2015,4,0
798,2015-12-15 00:00:00,15,12,2015,4,1
799,2015-12-16 00:00:00,16,12,2015,4,2
800,2015-12-17 00:00:00,17,12,2015,4,3
801,2015-12-18 00:00:00,18,12,2015,4,4
802,2015-12-19 00:00:00,19,12,2015,4,5
803,2015-12-20 00:00:00,20,12,2015,4,6
808,2015-12-25 00:00:00,25,12,2015,4,4
809,2015-12-26 00:00:00,26,12,2015,4,5
810,2015-12-27 00:00:00,27,12,2015,4,6
1604,2018-03-02 00:00:00,2,3,2018,1,4
811,2015-12-28 00:00:00,28,12,2015,4,0
812,2015-12-29 00:00:00,29,12,2015,4,1
813,2015-12-30 00:00:00,30,12,2015,4,2
814,2015-12-31 00:00:00,31,12,2015,4,3
815,2016-01-01 00:00:00,1,1,2016,1,4
816,2016-01-02 00:00:00,2,1,2016,1,5
818,2016-01-04 00:00:00,4,1,2016,1,0
819,2016-01-05 00:00:00,5,1,2016,1,1
820,2016-01-06 00:00:00,6,1,2016,1,2
821,2016-01-07 00:00:00,7,1,2016,1,3
822,2016-01-08 00:00:00,8,1,2016,1,4
826,2016-01-12 00:00:00,12,1,2016,1,1
827,2016-01-13 00:00:00,13,1,2016,1,2
828,2016-01-14 00:00:00,14,1,2016,1,3
829,2016-01-15 00:00:00,15,1,2016,1,4
831,2016-01-17 00:00:00,17,1,2016,1,6
833,2016-01-19 00:00:00,19,1,2016,1,1
834,2016-01-20 00:00:00,20,1,2016,1,2
1310,2017-05-12 00:00:00,12,5,2017,2,4
836,2016-01-22 00:00:00,22,1,2016,1,4
837,2016-01-23 00:00:00,23,1,2016,1,5
838,2016-01-24 00:00:00,24,1,2016,1,6
839,2016-01-25 00:00:00,25,1,2016,1,0
840,2016-01-26 00:00:00,26,1,2016,1,1
843,2016-01-29 00:00:00,29,1,2016,1,4
841,2016-01-27 00:00:00,27,1,2016,1,2
842,2016-01-28 00:00:00,28,1,2016,1,3
845,2016-01-31 00:00:00,31,1,2016,1,6
846,2016-02-01 00:00:00,1,2,2016,1,0
848,2016-02-03 00:00:00,3,2,2016,1,2
849,2016-02-04 00:00:00,4,2,2016,1,3
850,2016-02-05 00:00:00,5,2,2016,1,4
851,2016-02-06 00:00:00,6,2,2016,1,5
852,2016-02-07 00:00:00,7,2,2016,1,6
1360,2017-07-01 00:00:00,1,7,2017,3,5
855,2016-02-10 00:00:00,10,2,2016,1,2
856,2016-02-11 00:00:00,11,2,2016,1,3
857,2016-02-12 00:00:00,12,2,2016,1,4
858,2016-02-13 00:00:00,13,2,2016,1,5
859,2016-02-14 00:00:00,14,2,2016,1,6
860,2016-02-15 00:00:00,15,2,2016,1,0
1593,2018-02-19 00:00:00,19,2,2018,1,0
1116,2016-10-29 00:00:00,29,10,2016,4,5
861,2016-02-16 00:00:00,16,2,2016,1,1
862,2016-02-17 00:00:00,17,2,2016,1,2
863,2016-02-18 00:00:00,18,2,2016,1,3
865,2016-02-20 00:00:00,20,2,2016,1,5
866,2016-02-21 00:00:00,21,2,2016,1,6
867,2016-02-22 00:00:00,22,2,2016,1,0
868,2016-02-23 00:00:00,23,2,2016,1,1
869,2016-02-24 00:00:00,24,2,2016,1,2
871,2016-02-26 00:00:00,26,2,2016,1,4
872,2016-02-27 00:00:00,27,2,2016,1,5
873,2016-02-28 00:00:00,28,2,2016,1,6
876,2016-03-02 00:00:00,2,3,2016,1,2
877,2016-03-03 00:00:00,3,3,2016,1,3
878,2016-03-04 00:00:00,4,3,2016,1,4
879,2016-03-05 00:00:00,5,3,2016,1,5
880,2016-03-06 00:00:00,6,3,2016,1,6
881,2016-03-07 00:00:00,7,3,2016,1,0
1544,2018-01-01 00:00:00,1,1,2018,1,0
882,2016-03-08 00:00:00,8,3,2016,1,1
971,2016-06-05 00:00:00,5,6,2016,2,6
883,2016-03-09 00:00:00,9,3,2016,1,2
884,2016-03-10 00:00:00,10,3,2016,1,3
885,2016-03-11 00:00:00,11,3,2016,1,4
886,2016-03-12 00:00:00,12,3,2016,1,5
887,2016-03-13 00:00:00,13,3,2016,1,6
888,2016-03-14 00:00:00,14,3,2016,1,0
889,2016-03-15 00:00:00,15,3,2016,1,1
890,2016-03-16 00:00:00,16,3,2016,1,2
892,2016-03-18 00:00:00,18,3,2016,1,4
893,2016-03-19 00:00:00,19,3,2016,1,5
894,2016-03-20 00:00:00,20,3,2016,1,6
895,2016-03-21 00:00:00,21,3,2016,1,0
896,2016-03-22 00:00:00,22,3,2016,1,1
897,2016-03-23 00:00:00,23,3,2016,1,2
1185,2017-01-06 00:00:00,6,1,2017,1,4
1242,2017-03-05 00:00:00,5,3,2017,1,6
898,2016-03-24 00:00:00,24,3,2016,1,3
900,2016-03-26 00:00:00,26,3,2016,1,5
902,2016-03-28 00:00:00,28,3,2016,1,0
903,2016-03-29 00:00:00,29,3,2016,1,1
905,2016-03-31 00:00:00,31,3,2016,1,3
907,2016-04-02 00:00:00,2,4,2016,2,5
908,2016-04-03 00:00:00,3,4,2016,2,6
1405,2017-08-15 00:00:00,15,8,2017,3,1
911,2016-04-06 00:00:00,6,4,2016,2,2
912,2016-04-07 00:00:00,7,4,2016,2,3
914,2016-04-09 00:00:00,9,4,2016,2,5
915,2016-04-10 00:00:00,10,4,2016,2,6
916,2016-04-11 00:00:00,11,4,2016,2,0
919,2016-04-14 00:00:00,14,4,2016,2,3
921,2016-04-16 00:00:00,16,4,2016,2,5
922,2016-04-17 00:00:00,17,4,2016,2,6
923,2016-04-18 00:00:00,18,4,2016,2,0
1056,2016-08-30 00:00:00,30,8,2016,3,1
924,2016-04-19 00:00:00,19,4,2016,2,1
925,2016-04-20 00:00:00,20,4,2016,2,2
830,2016-01-16 00:00:00,16,1,2016,1,5
927,2016-04-22 00:00:00,22,4,2016,2,4
928,2016-04-23 00:00:00,23,4,2016,2,5
929,2016-04-24 00:00:00,24,4,2016,2,6
931,2016-04-26 00:00:00,26,4,2016,2,1
1313,2017-05-15 00:00:00,15,5,2017,2,0
932,2016-04-27 00:00:00,27,4,2016,2,2
933,2016-04-28 00:00:00,28,4,2016,2,3
935,2016-04-30 00:00:00,30,4,2016,2,5
937,2016-05-02 00:00:00,2,5,2016,2,0
939,2016-05-04 00:00:00,4,5,2016,2,2
940,2016-05-05 00:00:00,5,5,2016,2,3
941,2016-05-06 00:00:00,6,5,2016,2,4
973,2016-06-07 00:00:00,7,6,2016,2,1
942,2016-05-07 00:00:00,7,5,2016,2,5
944,2016-05-09 00:00:00,9,5,2016,2,0
946,2016-05-11 00:00:00,11,5,2016,2,2
947,2016-05-12 00:00:00,12,5,2016,2,3
948,2016-05-13 00:00:00,13,5,2016,2,4
1453,2017-10-02 00:00:00,2,10,2017,4,0
951,2016-05-16 00:00:00,16,5,2016,2,0
952,2016-05-17 00:00:00,17,5,2016,2,1
1425,2017-09-04 00:00:00,4,9,2017,3,0
954,2016-05-19 00:00:00,19,5,2016,2,3
1327,2017-05-29 00:00:00,29,5,2017,2,0
955,2016-05-20 00:00:00,20,5,2016,2,4
1321,2017-05-23 00:00:00,23,5,2017,2,1
1054,2016-08-28 00:00:00,28,8,2016,3,6
1239,2017-03-02 00:00:00,2,3,2017,1,3
957,2016-05-22 00:00:00,22,5,2016,2,6
959,2016-05-24 00:00:00,24,5,2016,2,1
960,2016-05-25 00:00:00,25,5,2016,2,2
1182,2017-01-03 00:00:00,3,1,2017,1,1
961,2016-05-26 00:00:00,26,5,2016,2,3
962,2016-05-27 00:00:00,27,5,2016,2,4
963,2016-05-28 00:00:00,28,5,2016,2,5
964,2016-05-29 00:00:00,29,5,2016,2,6
965,2016-05-30 00:00:00,30,5,2016,2,0
968,2016-06-02 00:00:00,2,6,2016,2,3
970,2016-06-04 00:00:00,4,6,2016,2,5
972,2016-06-06 00:00:00,6,6,2016,2,0
976,2016-06-10 00:00:00,10,6,2016,2,4
978,2016-06-12 00:00:00,12,6,2016,2,6
979,2016-06-13 00:00:00,13,6,2016,2,0
1614,2018-03-12 00:00:00,12,3,2018,1,0
980,2016-06-14 00:00:00,14,6,2016,2,1
981,2016-06-15 00:00:00,15,6,2016,2,2
1471,2017-10-20 00:00:00,20,10,2017,4,4
982,2016-06-16 00:00:00,16,6,2016,2,3
983,2016-06-18 00:00:00,18,6,2016,2,5
984,2016-06-19 00:00:00,19,6,2016,2,6
985,2016-06-20 00:00:00,20,6,2016,2,0
986,2016-06-21 00:00:00,21,6,2016,2,1
989,2016-06-24 00:00:00,24,6,2016,2,4
1023,2016-07-28 00:00:00,28,7,2016,3,3
1283,2017-04-15 00:00:00,15,4,2017,2,5
991,2016-06-26 00:00:00,26,6,2016,2,6
992,2016-06-27 00:00:00,27,6,2016,2,0
993,2016-06-28 00:00:00,28,6,2016,2,1
994,2016-06-29 00:00:00,29,6,2016,2,2
995,2016-06-30 00:00:00,30,6,2016,2,3
996,2016-07-01 00:00:00,1,7,2016,3,4
998,2016-07-03 00:00:00,3,7,2016,3,6
505,2015-02-24 00:00:00,24,2,2015,1,1
1270,2017-04-02 00:00:00,2,4,2017,2,6
1000,2016-07-05 00:00:00,5,7,2016,3,1
1004,2016-07-09 00:00:00,9,7,2016,3,5
1005,2016-07-10 00:00:00,10,7,2016,3,6
1440,2017-09-19 00:00:00,19,9,2017,3,1
1006,2016-07-11 00:00:00,11,7,2016,3,0
1007,2016-07-12 00:00:00,12,7,2016,3,1
1009,2016-07-14 00:00:00,14,7,2016,3,3
1011,2016-07-16 00:00:00,16,7,2016,3,5
1092,2016-10-05 00:00:00,5,10,2016,4,2
1012,2016-07-17 00:00:00,17,7,2016,3,6
1013,2016-07-18 00:00:00,18,7,2016,3,0
1014,2016-07-19 00:00:00,19,7,2016,3,1
1015,2016-07-20 00:00:00,20,7,2016,3,2
1132,2016-11-14 00:00:00,14,11,2016,4,0
1016,2016-07-21 00:00:00,21,7,2016,3,3
1017,2016-07-22 00:00:00,22,7,2016,3,4
1018,2016-07-23 00:00:00,23,7,2016,3,5
1019,2016-07-24 00:00:00,24,7,2016,3,6
1076,2016-09-19 00:00:00,19,9,2016,3,0
1020,2016-07-25 00:00:00,25,7,2016,3,0
1127,2016-11-09 00:00:00,9,11,2016,4,2
1021,2016-07-26 00:00:00,26,7,2016,3,1
1022,2016-07-27 00:00:00,27,7,2016,3,2
1024,2016-07-29 00:00:00,29,7,2016,3,4
1025,2016-07-30 00:00:00,30,7,2016,3,5
1026,2016-07-31 00:00:00,31,7,2016,3,6
1027,2016-08-01 00:00:00,1,8,2016,3,0
1028,2016-08-02 00:00:00,2,8,2016,3,1
1029,2016-08-03 00:00:00,3,8,2016,3,2
600,2015-05-31 00:00:00,31,5,2015,2,6
1030,2016-08-04 00:00:00,4,8,2016,3,3
1032,2016-08-06 00:00:00,6,8,2016,3,5
1033,2016-08-07 00:00:00,7,8,2016,3,6
1128,2016-11-10 00:00:00,10,11,2016,4,3
1035,2016-08-09 00:00:00,9,8,2016,3,1
1384,2017-07-25 00:00:00,25,7,2017,3,1
1037,2016-08-11 00:00:00,11,8,2016,3,3
1315,2017-05-17 00:00:00,17,5,2017,2,2
1039,2016-08-13 00:00:00,13,8,2016,3,5
1040,2016-08-14 00:00:00,14,8,2016,3,6
1041,2016-08-15 00:00:00,15,8,2016,3,0
1043,2016-08-17 00:00:00,17,8,2016,3,2
1045,2016-08-19 00:00:00,19,8,2016,3,4
1538,2017-12-26 00:00:00,26,12,2017,4,1
1047,2016-08-21 00:00:00,21,8,2016,3,6
1048,2016-08-22 00:00:00,22,8,2016,3,0
1052,2016-08-26 00:00:00,26,8,2016,3,4
1053,2016-08-27 00:00:00,27,8,2016,3,5
1055,2016-08-29 00:00:00,29,8,2016,3,0
1619,2018-03-17 00:00:00,17,3,2018,1,5
1057,2016-08-31 00:00:00,31,8,2016,3,2
1058,2016-09-01 00:00:00,1,9,2016,3,3
1060,2016-09-03 00:00:00,3,9,2016,3,5
1061,2016-09-04 00:00:00,4,9,2016,3,6
1062,2016-09-05 00:00:00,5,9,2016,3,0
1063,2016-09-06 00:00:00,6,9,2016,3,1
1064,2016-09-07 00:00:00,7,9,2016,3,2
1065,2016-09-08 00:00:00,8,9,2016,3,3
1067,2016-09-10 00:00:00,10,9,2016,3,5
1068,2016-09-11 00:00:00,11,9,2016,3,6
1069,2016-09-12 00:00:00,12,9,2016,3,0
1070,2016-09-13 00:00:00,13,9,2016,3,1
1071,2016-09-14 00:00:00,14,9,2016,3,2
1072,2016-09-15 00:00:00,15,9,2016,3,3
1073,2016-09-16 00:00:00,16,9,2016,3,4
1528,2017-12-16 00:00:00,16,12,2017,4,5
1078,2016-09-21 00:00:00,21,9,2016,3,2
1079,2016-09-22 00:00:00,22,9,2016,3,3
1080,2016-09-23 00:00:00,23,9,2016,3,4
1489,2017-11-07 00:00:00,7,11,2017,4,1
1082,2016-09-25 00:00:00,25,9,2016,3,6
1084,2016-09-27 00:00:00,27,9,2016,3,1
1085,2016-09-28 00:00:00,28,9,2016,3,2
1087,2016-09-30 00:00:00,30,9,2016,3,4
1088,2016-10-01 00:00:00,1,10,2016,4,5
1089,2016-10-02 00:00:00,2,10,2016,4,6
1091,2016-10-04 00:00:00,4,10,2016,4,1
1093,2016-10-06 00:00:00,6,10,2016,4,3
1095,2016-10-08 00:00:00,8,10,2016,4,5
1096,2016-10-09 00:00:00,9,10,2016,4,6
1097,2016-10-10 00:00:00,10,10,2016,4,0
1098,2016-10-11 00:00:00,11,10,2016,4,1
1099,2016-10-12 00:00:00,12,10,2016,4,2
1100,2016-10-13 00:00:00,13,10,2016,4,3
1101,2016-10-14 00:00:00,14,10,2016,4,4
1102,2016-10-15 00:00:00,15,10,2016,4,5
1104,2016-10-17 00:00:00,17,10,2016,4,0
1105,2016-10-18 00:00:00,18,10,2016,4,1
1106,2016-10-19 00:00:00,19,10,2016,4,2
1107,2016-10-20 00:00:00,20,10,2016,4,3
1108,2016-10-21 00:00:00,21,10,2016,4,4
1109,2016-10-22 00:00:00,22,10,2016,4,5
1110,2016-10-23 00:00:00,23,10,2016,4,6
1281,2017-04-13 00:00:00,13,4,2017,2,3
1111,2016-10-24 00:00:00,24,10,2016,4,0
1112,2016-10-25 00:00:00,25,10,2016,4,1
1113,2016-10-26 00:00:00,26,10,2016,4,2
1114,2016-10-27 00:00:00,27,10,2016,4,3
1118,2016-10-31 00:00:00,31,10,2016,4,0
1120,2016-11-02 00:00:00,2,11,2016,4,2
1585,2018-02-11 00:00:00,11,2,2018,1,6
1122,2016-11-04 00:00:00,4,11,2016,4,4
1123,2016-11-05 00:00:00,5,11,2016,4,5
1124,2016-11-06 00:00:00,6,11,2016,4,6
1126,2016-11-08 00:00:00,8,11,2016,4,1
1129,2016-11-11 00:00:00,11,11,2016,4,4
1130,2016-11-12 00:00:00,12,11,2016,4,5
1131,2016-11-13 00:00:00,13,11,2016,4,6
1134,2016-11-16 00:00:00,16,11,2016,4,2
1438,2017-09-17 00:00:00,17,9,2017,3,6
1393,2017-08-03 00:00:00,3,8,2017,3,3
1136,2016-11-18 00:00:00,18,11,2016,4,4
1137,2016-11-19 00:00:00,19,11,2016,4,5
1139,2016-11-21 00:00:00,21,11,2016,4,0
1622,2018-03-20 00:00:00,20,3,2018,1,1
1142,2016-11-24 00:00:00,24,11,2016,4,3
1143,2016-11-25 00:00:00,25,11,2016,4,4
1145,2016-11-27 00:00:00,27,11,2016,4,6
1146,2016-11-28 00:00:00,28,11,2016,4,0
1147,2016-11-29 00:00:00,29,11,2016,4,1
1150,2016-12-02 00:00:00,2,12,2016,4,4
1151,2016-12-03 00:00:00,3,12,2016,4,5
1152,2016-12-04 00:00:00,4,12,2016,4,6
1153,2016-12-05 00:00:00,5,12,2016,4,0
1154,2016-12-06 00:00:00,6,12,2016,4,1
1415,2017-08-25 00:00:00,25,8,2017,3,4
1537,2017-12-25 00:00:00,25,12,2017,4,0
1156,2016-12-08 00:00:00,8,12,2016,4,3
1157,2016-12-09 00:00:00,9,12,2016,4,4
1158,2016-12-10 00:00:00,10,12,2016,4,5
1159,2016-12-11 00:00:00,11,12,2016,4,6
1160,2016-12-12 00:00:00,12,12,2016,4,0
1161,2016-12-13 00:00:00,13,12,2016,4,1
1162,2016-12-14 00:00:00,14,12,2016,4,2
1172,2016-12-24 00:00:00,24,12,2016,4,5
1164,2016-12-16 00:00:00,16,12,2016,4,4
1433,2017-09-12 00:00:00,12,9,2017,3,1
1166,2016-12-18 00:00:00,18,12,2016,4,6
1168,2016-12-20 00:00:00,20,12,2016,4,1
1169,2016-12-21 00:00:00,21,12,2016,4,2
1170,2016-12-22 00:00:00,22,12,2016,4,3
1171,2016-12-23 00:00:00,23,12,2016,4,4
1173,2016-12-25 00:00:00,25,12,2016,4,6
1174,2016-12-26 00:00:00,26,12,2016,4,0
1175,2016-12-27 00:00:00,27,12,2016,4,1
1176,2016-12-28 00:00:00,28,12,2016,4,2
1177,2016-12-29 00:00:00,29,12,2016,4,3
1178,2016-12-30 00:00:00,30,12,2016,4,4
1179,2016-12-31 00:00:00,31,12,2016,4,5
1183,2017-01-04 00:00:00,4,1,2017,1,2
1184,2017-01-05 00:00:00,5,1,2017,1,3
1186,2017-01-07 00:00:00,7,1,2017,1,5
1187,2017-01-08 00:00:00,8,1,2017,1,6
1189,2017-01-10 00:00:00,10,1,2017,1,1
1190,2017-01-11 00:00:00,11,1,2017,1,2
1191,2017-01-12 00:00:00,12,1,2017,1,3
1192,2017-01-13 00:00:00,13,1,2017,1,4
1194,2017-01-15 00:00:00,15,1,2017,1,6
1195,2017-01-16 00:00:00,16,1,2017,1,0
1198,2017-01-19 00:00:00,19,1,2017,1,3
1199,2017-01-20 00:00:00,20,1,2017,1,4
1200,2017-01-21 00:00:00,21,1,2017,1,5
1201,2017-01-22 00:00:00,22,1,2017,1,6
1202,2017-01-23 00:00:00,23,1,2017,1,0
1203,2017-01-25 00:00:00,25,1,2017,1,2
1204,2017-01-26 00:00:00,26,1,2017,1,3
1207,2017-01-29 00:00:00,29,1,2017,1,6
1208,2017-01-30 00:00:00,30,1,2017,1,0
1210,2017-02-01 00:00:00,1,2,2017,1,2
1213,2017-02-04 00:00:00,4,2,2017,1,5
1216,2017-02-07 00:00:00,7,2,2017,1,1
1347,2017-06-18 00:00:00,18,6,2017,2,6
1217,2017-02-08 00:00:00,8,2,2017,1,2
1218,2017-02-09 00:00:00,9,2,2017,1,3
1424,2017-09-03 00:00:00,3,9,2017,3,6
1220,2017-02-11 00:00:00,11,2,2017,1,5
1221,2017-02-12 00:00:00,12,2,2017,1,6
1222,2017-02-13 00:00:00,13,2,2017,1,0
1223,2017-02-14 00:00:00,14,2,2017,1,1
1224,2017-02-15 00:00:00,15,2,2017,1,2
1226,2017-02-17 00:00:00,17,2,2017,1,4
1227,2017-02-18 00:00:00,18,2,2017,1,5
1228,2017-02-19 00:00:00,19,2,2017,1,6
1557,2018-01-14 00:00:00,14,1,2018,1,6
1230,2017-02-21 00:00:00,21,2,2017,1,1
1231,2017-02-22 00:00:00,22,2,2017,1,2
1233,2017-02-24 00:00:00,24,2,2017,1,4
1234,2017-02-25 00:00:00,25,2,2017,1,5
1235,2017-02-26 00:00:00,26,2,2017,1,6
1236,2017-02-27 00:00:00,27,2,2017,1,0
1569,2018-01-26 00:00:00,26,1,2018,1,4
1566,2018-01-23 00:00:00,23,1,2018,1,1
1248,2017-03-11 00:00:00,11,3,2017,1,5
1344,2017-06-15 00:00:00,15,6,2017,2,3
1240,2017-03-03 00:00:00,3,3,2017,1,4
1241,2017-03-04 00:00:00,4,3,2017,1,5
1385,2017-07-26 00:00:00,26,7,2017,3,2
1243,2017-03-06 00:00:00,6,3,2017,1,0
1244,2017-03-07 00:00:00,7,3,2017,1,1
1246,2017-03-09 00:00:00,9,3,2017,1,3
1395,2017-08-05 00:00:00,5,8,2017,3,5
1249,2017-03-12 00:00:00,12,3,2017,1,6
1250,2017-03-13 00:00:00,13,3,2017,1,0
1529,2017-12-17 00:00:00,17,12,2017,4,6
1212,2017-02-03 00:00:00,3,2,2017,1,4
1252,2017-03-15 00:00:00,15,3,2017,1,2
1253,2017-03-16 00:00:00,16,3,2017,1,3
1254,2017-03-17 00:00:00,17,3,2017,1,4
1255,2017-03-18 00:00:00,18,3,2017,1,5
1256,2017-03-19 00:00:00,19,3,2017,1,6
1257,2017-03-20 00:00:00,20,3,2017,1,0
1258,2017-03-21 00:00:00,21,3,2017,1,1
1259,2017-03-22 00:00:00,22,3,2017,1,2
1260,2017-03-23 00:00:00,23,3,2017,1,3
1485,2017-11-03 00:00:00,3,11,2017,4,4
1261,2017-03-24 00:00:00,24,3,2017,1,4
1263,2017-03-26 00:00:00,26,3,2017,1,6
1264,2017-03-27 00:00:00,27,3,2017,1,0
1265,2017-03-28 00:00:00,28,3,2017,1,1
1266,2017-03-29 00:00:00,29,3,2017,1,2
1267,2017-03-30 00:00:00,30,3,2017,1,3
1269,2017-04-01 00:00:00,1,4,2017,2,5
1271,2017-04-03 00:00:00,3,4,2017,2,0
1272,2017-04-04 00:00:00,4,4,2017,2,1
1273,2017-04-05 00:00:00,5,4,2017,2,2
1274,2017-04-06 00:00:00,6,4,2017,2,3
1276,2017-04-08 00:00:00,8,4,2017,2,5
1279,2017-04-11 00:00:00,11,4,2017,2,1
1280,2017-04-12 00:00:00,12,4,2017,2,2
1282,2017-04-14 00:00:00,14,4,2017,2,4
1284,2017-04-16 00:00:00,16,4,2017,2,6
1285,2017-04-17 00:00:00,17,4,2017,2,0
1287,2017-04-19 00:00:00,19,4,2017,2,2
1472,2017-10-21 00:00:00,21,10,2017,4,5
1288,2017-04-20 00:00:00,20,4,2017,2,3
1289,2017-04-21 00:00:00,21,4,2017,2,4
1290,2017-04-22 00:00:00,22,4,2017,2,5
1292,2017-04-24 00:00:00,24,4,2017,2,0
1294,2017-04-26 00:00:00,26,4,2017,2,2
1296,2017-04-28 00:00:00,28,4,2017,2,4
1546,2018-01-03 00:00:00,3,1,2018,1,2
1297,2017-04-29 00:00:00,29,4,2017,2,5
1298,2017-04-30 00:00:00,30,4,2017,2,6
1299,2017-05-01 00:00:00,1,5,2017,2,0
1300,2017-05-02 00:00:00,2,5,2017,2,1
1301,2017-05-03 00:00:00,3,5,2017,2,2
1302,2017-05-04 00:00:00,4,5,2017,2,3
1303,2017-05-05 00:00:00,5,5,2017,2,4
1304,2017-05-06 00:00:00,6,5,2017,2,5
1305,2017-05-07 00:00:00,7,5,2017,2,6
1306,2017-05-08 00:00:00,8,5,2017,2,0
1307,2017-05-09 00:00:00,9,5,2017,2,1
1308,2017-05-10 00:00:00,10,5,2017,2,2
1311,2017-05-13 00:00:00,13,5,2017,2,5
1312,2017-05-14 00:00:00,14,5,2017,2,6
1314,2017-05-16 00:00:00,16,5,2017,2,1
1316,2017-05-18 00:00:00,18,5,2017,2,3
1317,2017-05-19 00:00:00,19,5,2017,2,4
1318,2017-05-20 00:00:00,20,5,2017,2,5
1319,2017-05-21 00:00:00,21,5,2017,2,6
1592,2018-02-18 00:00:00,18,2,2018,1,6
1320,2017-05-22 00:00:00,22,5,2017,2,0
1322,2017-05-24 00:00:00,24,5,2017,2,2
1323,2017-05-25 00:00:00,25,5,2017,2,3
1324,2017-05-26 00:00:00,26,5,2017,2,4
1451,2017-09-30 00:00:00,30,9,2017,3,5
1325,2017-05-27 00:00:00,27,5,2017,2,5
1326,2017-05-28 00:00:00,28,5,2017,2,6
1328,2017-05-30 00:00:00,30,5,2017,2,1
1329,2017-05-31 00:00:00,31,5,2017,2,2
1330,2017-06-01 00:00:00,1,6,2017,2,3
1331,2017-06-02 00:00:00,2,6,2017,2,4
1332,2017-06-03 00:00:00,3,6,2017,2,5
1333,2017-06-04 00:00:00,4,6,2017,2,6
1334,2017-06-05 00:00:00,5,6,2017,2,0
1336,2017-06-07 00:00:00,7,6,2017,2,2
1337,2017-06-08 00:00:00,8,6,2017,2,3
1338,2017-06-09 00:00:00,9,6,2017,2,4
1339,2017-06-10 00:00:00,10,6,2017,2,5
1340,2017-06-11 00:00:00,11,6,2017,2,6
1341,2017-06-12 00:00:00,12,6,2017,2,0
1357,2017-06-28 00:00:00,28,6,2017,2,2
1342,2017-06-13 00:00:00,13,6,2017,2,1
1345,2017-06-16 00:00:00,16,6,2017,2,4
1346,2017-06-17 00:00:00,17,6,2017,2,5
1348,2017-06-19 00:00:00,19,6,2017,2,0
1349,2017-06-20 00:00:00,20,6,2017,2,1
1350,2017-06-21 00:00:00,21,6,2017,2,2
1351,2017-06-22 00:00:00,22,6,2017,2,3
1352,2017-06-23 00:00:00,23,6,2017,2,4
1353,2017-06-24 00:00:00,24,6,2017,2,5
1584,2018-02-10 00:00:00,10,2,2018,1,5
1354,2017-06-25 00:00:00,25,6,2017,2,6
1355,2017-06-26 00:00:00,26,6,2017,2,0
1356,2017-06-27 00:00:00,27,6,2017,2,1
1359,2017-06-30 00:00:00,30,6,2017,2,4
1361,2017-07-02 00:00:00,2,7,2017,3,6
1362,2017-07-03 00:00:00,3,7,2017,3,0
1363,2017-07-04 00:00:00,4,7,2017,3,1
1364,2017-07-05 00:00:00,5,7,2017,3,2
1488,2017-11-06 00:00:00,6,11,2017,4,0
1365,2017-07-06 00:00:00,6,7,2017,3,3
1512,2017-11-30 00:00:00,30,11,2017,4,3
1366,2017-07-07 00:00:00,7,7,2017,3,4
1573,2018-01-30 00:00:00,30,1,2018,1,1
1367,2017-07-08 00:00:00,8,7,2017,3,5
1368,2017-07-09 00:00:00,9,7,2017,3,6
1369,2017-07-10 00:00:00,10,7,2017,3,0
1370,2017-07-11 00:00:00,11,7,2017,3,1
1371,2017-07-12 00:00:00,12,7,2017,3,2
1372,2017-07-13 00:00:00,13,7,2017,3,3
1374,2017-07-15 00:00:00,15,7,2017,3,5
1375,2017-07-16 00:00:00,16,7,2017,3,6
1376,2017-07-17 00:00:00,17,7,2017,3,0
1377,2017-07-18 00:00:00,18,7,2017,3,1
1379,2017-07-20 00:00:00,20,7,2017,3,3
1402,2017-08-12 00:00:00,12,8,2017,3,5
1382,2017-07-23 00:00:00,23,7,2017,3,6
1383,2017-07-24 00:00:00,24,7,2017,3,0
1386,2017-07-27 00:00:00,27,7,2017,3,3
1388,2017-07-29 00:00:00,29,7,2017,3,5
1389,2017-07-30 00:00:00,30,7,2017,3,6
1390,2017-07-31 00:00:00,31,7,2017,3,0
1391,2017-08-01 00:00:00,1,8,2017,3,1
1398,2017-08-08 00:00:00,8,8,2017,3,1
1400,2017-08-10 00:00:00,10,8,2017,3,3
1403,2017-08-13 00:00:00,13,8,2017,3,6
1404,2017-08-14 00:00:00,14,8,2017,3,0
1407,2017-08-17 00:00:00,17,8,2017,3,3
1408,2017-08-18 00:00:00,18,8,2017,3,4
1409,2017-08-19 00:00:00,19,8,2017,3,5
1410,2017-08-20 00:00:00,20,8,2017,3,6
1411,2017-08-21 00:00:00,21,8,2017,3,0
1412,2017-08-22 00:00:00,22,8,2017,3,1
1413,2017-08-23 00:00:00,23,8,2017,3,2
1414,2017-08-24 00:00:00,24,8,2017,3,3
1416,2017-08-26 00:00:00,26,8,2017,3,5
1473,2017-10-22 00:00:00,22,10,2017,4,6
1417,2017-08-27 00:00:00,27,8,2017,3,6
1418,2017-08-28 00:00:00,28,8,2017,3,0
1419,2017-08-29 00:00:00,29,8,2017,3,1
1420,2017-08-30 00:00:00,30,8,2017,3,2
1421,2017-08-31 00:00:00,31,8,2017,3,3
1422,2017-09-01 00:00:00,1,9,2017,3,4
1423,2017-09-02 00:00:00,2,9,2017,3,5
1426,2017-09-05 00:00:00,5,9,2017,3,1
1428,2017-09-07 00:00:00,7,9,2017,3,3
1429,2017-09-08 00:00:00,8,9,2017,3,4
1431,2017-09-10 00:00:00,10,9,2017,3,6
1432,2017-09-11 00:00:00,11,9,2017,3,0
1434,2017-09-13 00:00:00,13,9,2017,3,2
1435,2017-09-14 00:00:00,14,9,2017,3,3
1437,2017-09-16 00:00:00,16,9,2017,3,5
1439,2017-09-18 00:00:00,18,9,2017,3,0
1540,2017-12-28 00:00:00,28,12,2017,4,3
1441,2017-09-20 00:00:00,20,9,2017,3,2
1442,2017-09-21 00:00:00,21,9,2017,3,3
391,2014-11-02 00:00:00,2,11,2014,4,6
1443,2017-09-22 00:00:00,22,9,2017,3,4
1444,2017-09-23 00:00:00,23,9,2017,3,5
1445,2017-09-24 00:00:00,24,9,2017,3,6
1446,2017-09-25 00:00:00,25,9,2017,3,0
1447,2017-09-26 00:00:00,26,9,2017,3,1
1448,2017-09-27 00:00:00,27,9,2017,3,2
1449,2017-09-28 00:00:00,28,9,2017,3,3
1450,2017-09-29 00:00:00,29,9,2017,3,4
1452,2017-10-01 00:00:00,1,10,2017,4,6
1454,2017-10-03 00:00:00,3,10,2017,4,1
1455,2017-10-04 00:00:00,4,10,2017,4,2
1476,2017-10-25 00:00:00,25,10,2017,4,2
1456,2017-10-05 00:00:00,5,10,2017,4,3
1458,2017-10-07 00:00:00,7,10,2017,4,5
1459,2017-10-08 00:00:00,8,10,2017,4,6
1461,2017-10-10 00:00:00,10,10,2017,4,1
1463,2017-10-12 00:00:00,12,10,2017,4,3
1464,2017-10-13 00:00:00,13,10,2017,4,4
1466,2017-10-15 00:00:00,15,10,2017,4,6
1468,2017-10-17 00:00:00,17,10,2017,4,1
1470,2017-10-19 00:00:00,19,10,2017,4,3
1474,2017-10-23 00:00:00,23,10,2017,4,0
1475,2017-10-24 00:00:00,24,10,2017,4,1
1477,2017-10-26 00:00:00,26,10,2017,4,3
1478,2017-10-27 00:00:00,27,10,2017,4,4
1479,2017-10-28 00:00:00,28,10,2017,4,5
1480,2017-10-29 00:00:00,29,10,2017,4,6
1481,2017-10-30 00:00:00,30,10,2017,4,0
1482,2017-10-31 00:00:00,31,10,2017,4,1
1484,2017-11-02 00:00:00,2,11,2017,4,3
1486,2017-11-04 00:00:00,4,11,2017,4,5
1487,2017-11-05 00:00:00,5,11,2017,4,6
1625,2018-03-23 00:00:00,23,3,2018,1,4
1490,2017-11-08 00:00:00,8,11,2017,4,2
1492,2017-11-10 00:00:00,10,11,2017,4,4
1495,2017-11-13 00:00:00,13,11,2017,4,0
1496,2017-11-14 00:00:00,14,11,2017,4,1
1498,2017-11-16 00:00:00,16,11,2017,4,3
1499,2017-11-17 00:00:00,17,11,2017,4,4
1500,2017-11-18 00:00:00,18,11,2017,4,5
1501,2017-11-19 00:00:00,19,11,2017,4,6
1502,2017-11-20 00:00:00,20,11,2017,4,0
1503,2017-11-21 00:00:00,21,11,2017,4,1
1504,2017-11-22 00:00:00,22,11,2017,4,2
1505,2017-11-23 00:00:00,23,11,2017,4,3
1507,2017-11-25 00:00:00,25,11,2017,4,5
1508,2017-11-26 00:00:00,26,11,2017,4,6
1510,2017-11-28 00:00:00,28,11,2017,4,1
1511,2017-11-29 00:00:00,29,11,2017,4,2
1513,2017-12-01 00:00:00,1,12,2017,4,4
1514,2017-12-02 00:00:00,2,12,2017,4,5
1516,2017-12-04 00:00:00,4,12,2017,4,0
1518,2017-12-06 00:00:00,6,12,2017,4,2
1519,2017-12-07 00:00:00,7,12,2017,4,3
1520,2017-12-08 00:00:00,8,12,2017,4,4
1521,2017-12-09 00:00:00,9,12,2017,4,5
1523,2017-12-11 00:00:00,11,12,2017,4,0
1524,2017-12-12 00:00:00,12,12,2017,4,1
1525,2017-12-13 00:00:00,13,12,2017,4,2
1526,2017-12-14 00:00:00,14,12,2017,4,3
1527,2017-12-15 00:00:00,15,12,2017,4,4
1530,2017-12-18 00:00:00,18,12,2017,4,0
1531,2017-12-19 00:00:00,19,12,2017,4,1
1532,2017-12-20 00:00:00,20,12,2017,4,2
1533,2017-12-21 00:00:00,21,12,2017,4,3
1534,2017-12-22 00:00:00,22,12,2017,4,4
1535,2017-12-23 00:00:00,23,12,2017,4,5
1536,2017-12-24 00:00:00,24,12,2017,4,6
1539,2017-12-27 00:00:00,27,12,2017,4,2
1541,2017-12-29 00:00:00,29,12,2017,4,4
1542,2017-12-30 00:00:00,30,12,2017,4,5
1543,2017-12-31 00:00:00,31,12,2017,4,6
1545,2018-01-02 00:00:00,2,1,2018,1,1
1547,2018-01-04 00:00:00,4,1,2018,1,3
1548,2018-01-05 00:00:00,5,1,2018,1,4
1549,2018-01-06 00:00:00,6,1,2018,1,5
1550,2018-01-07 00:00:00,7,1,2018,1,6
1551,2018-01-08 00:00:00,8,1,2018,1,0
1552,2018-01-09 00:00:00,9,1,2018,1,1
1553,2018-01-10 00:00:00,10,1,2018,1,2
171,2014-03-27 00:00:00,27,3,2014,1,3
1554,2018-01-11 00:00:00,11,1,2018,1,3
1555,2018-01-12 00:00:00,12,1,2018,1,4
1556,2018-01-13 00:00:00,13,1,2018,1,5
1559,2018-01-16 00:00:00,16,1,2018,1,1
1560,2018-01-17 00:00:00,17,1,2018,1,2
1561,2018-01-18 00:00:00,18,1,2018,1,3
1562,2018-01-19 00:00:00,19,1,2018,1,4
1563,2018-01-20 00:00:00,20,1,2018,1,5
1564,2018-01-21 00:00:00,21,1,2018,1,6
1565,2018-01-22 00:00:00,22,1,2018,1,0
1567,2018-01-24 00:00:00,24,1,2018,1,2
1568,2018-01-25 00:00:00,25,1,2018,1,3
1570,2018-01-27 00:00:00,27,1,2018,1,5
1571,2018-01-28 00:00:00,28,1,2018,1,6
1572,2018-01-29 00:00:00,29,1,2018,1,0
1576,2018-02-02 00:00:00,2,2,2018,1,4
1579,2018-02-05 00:00:00,5,2,2018,1,0
1581,2018-02-07 00:00:00,7,2,2018,1,2
1583,2018-02-09 00:00:00,9,2,2018,1,4
1586,2018-02-12 00:00:00,12,2,2018,1,0
1587,2018-02-13 00:00:00,13,2,2018,1,1
1591,2018-02-17 00:00:00,17,2,2018,1,5
1588,2018-02-14 00:00:00,14,2,2018,1,2
1589,2018-02-15 00:00:00,15,2,2018,1,3
1590,2018-02-16 00:00:00,16,2,2018,1,4
1594,2018-02-20 00:00:00,20,2,2018,1,1
1596,2018-02-22 00:00:00,22,2,2018,1,3
1597,2018-02-23 00:00:00,23,2,2018,1,4
1598,2018-02-24 00:00:00,24,2,2018,1,5
1599,2018-02-25 00:00:00,25,2,2018,1,6
1600,2018-02-26 00:00:00,26,2,2018,1,0
1601,2018-02-27 00:00:00,27,2,2018,1,1
1602,2018-02-28 00:00:00,28,2,2018,1,2
1603,2018-03-01 00:00:00,1,3,2018,1,3
1605,2018-03-03 00:00:00,3,3,2018,1,5
1606,2018-03-04 00:00:00,4,3,2018,1,6
1607,2018-03-05 00:00:00,5,3,2018,1,0
1608,2018-03-06 00:00:00,6,3,2018,1,1
1609,2018-03-07 00:00:00,7,3,2018,1,2
1611,2018-03-09 00:00:00,9,3,2018,1,4
1612,2018-03-10 00:00:00,10,3,2018,1,5
1613,2018-03-11 00:00:00,11,3,2018,1,6
1615,2018-03-13 00:00:00,13,3,2018,1,1
1616,2018-03-14 00:00:00,14,3,2018,1,2
1617,2018-03-15 00:00:00,15,3,2018,1,3
1618,2018-03-16 00:00:00,16,3,2018,1,4
1620,2018-03-18 00:00:00,18,3,2018,1,6
1621,2018-03-19 00:00:00,19,3,2018,1,0
1623,2018-03-21 00:00:00,21,3,2018,1,2
1624,2018-03-22 00:00:00,22,3,2018,1,3
1627,2018-03-25 00:00:00,25,3,2018,1,6
1628,2018-03-26 00:00:00,26,3,2018,1,0
1629,2018-03-27 00:00:00,27,3,2018,1,1
1630,2018-03-28 00:00:00,28,3,2018,1,2
1632,2018-03-30 00:00:00,30,3,2018,1,4
98,2014-01-13 00:00:00,13,1,2014,1,0
107,2014-01-22 00:00:00,22,1,2014,1,2
161,2014-03-17 00:00:00,17,3,2014,1,0
188,2014-04-13 00:00:00,13,4,2014,2,6
230,2014-05-25 00:00:00,25,5,2014,2,6
295,2014-07-29 00:00:00,29,7,2014,3,1
296,2014-07-30 00:00:00,30,7,2014,3,2
308,2014-08-11 00:00:00,11,8,2014,3,0
316,2014-08-19 00:00:00,19,8,2014,3,1
339,2014-09-11 00:00:00,11,9,2014,3,3
341,2014-09-13 00:00:00,13,9,2014,3,5
356,2014-09-28 00:00:00,28,9,2014,3,6
365,2014-10-07 00:00:00,7,10,2014,4,1
370,2014-10-12 00:00:00,12,10,2014,4,6
372,2014-10-14 00:00:00,14,10,2014,4,1
385,2014-10-27 00:00:00,27,10,2014,4,0
388,2014-10-30 00:00:00,30,10,2014,4,3
424,2014-12-05 00:00:00,5,12,2014,4,4
434,2014-12-15 00:00:00,15,12,2014,4,0
499,2015-02-18 00:00:00,18,2,2015,1,2
523,2015-03-14 00:00:00,14,3,2015,1,5
538,2015-03-29 00:00:00,29,3,2015,1,6
579,2015-05-10 00:00:00,10,5,2015,2,6
904,2016-03-30 00:00:00,30,3,2016,1,2
966,2016-05-31 00:00:00,31,5,2016,2,1
349,2014-09-21 00:00:00,21,9,2014,3,6
1117,2016-10-30 00:00:00,30,10,2016,4,6
1247,2017-03-10 00:00:00,10,3,2017,1,4
1291,2017-04-23 00:00:00,23,4,2017,2,6
1406,2017-08-16 00:00:00,16,8,2017,3,2
1497,2017-11-15 00:00:00,15,11,2017,4,2
1515,2017-12-03 00:00:00,3,12,2017,4,6
1522,2017-12-10 00:00:00,10,12,2017,4,6
30,2013-05-16 00:00:00,16,5,2013,2,3
150,2014-03-06 00:00:00,6,3,2014,1,3
181,2014-04-06 00:00:00,6,4,2014,2,6
184,2014-04-09 00:00:00,9,4,2014,2,2
197,2014-04-22 00:00:00,22,4,2014,2,1
200,2014-04-25 00:00:00,25,4,2014,2,4
229,2014-05-24 00:00:00,24,5,2014,2,5
248,2014-06-12 00:00:00,12,6,2014,2,3
263,2014-06-27 00:00:00,27,6,2014,2,4
264,2014-06-28 00:00:00,28,6,2014,2,5
360,2014-10-02 00:00:00,2,10,2014,4,3
421,2014-12-02 00:00:00,2,12,2014,4,1
519,2015-03-10 00:00:00,10,3,2015,1,1
526,2015-03-17 00:00:00,17,3,2015,1,1
583,2015-05-14 00:00:00,14,5,2015,2,3
618,2015-06-18 00:00:00,18,6,2015,2,3
633,2015-07-03 00:00:00,3,7,2015,3,4
741,2015-10-19 00:00:00,19,10,2015,4,0
870,2016-02-25 00:00:00,25,2,2016,1,3
901,2016-03-27 00:00:00,27,3,2016,1,6
936,2016-05-01 00:00:00,1,5,2016,2,6
990,2016-06-25 00:00:00,25,6,2016,2,5
999,2016-07-04 00:00:00,4,7,2016,3,0
1090,2016-10-03 00:00:00,3,10,2016,4,0
1103,2016-10-16 00:00:00,16,10,2016,4,6
186,2014-04-11 00:00:00,11,4,2014,2,4
1229,2017-02-20 00:00:00,20,2,2017,1,0
163,2014-03-19 00:00:00,19,3,2014,1,2
309,2014-08-12 00:00:00,12,8,2014,3,1
441,2014-12-22 00:00:00,22,12,2014,4,0
543,2015-04-03 00:00:00,3,4,2015,2,4
611,2015-06-11 00:00:00,11,6,2015,2,3
675,2015-08-14 00:00:00,14,8,2015,3,4
1036,2016-08-10 00:00:00,10,8,2016,3,2
1275,2017-04-07 00:00:00,7,4,2017,2,4
403,2014-11-14 00:00:00,14,11,2014,4,4
702,2015-09-10 00:00:00,10,9,2015,3,3
96,2014-01-11 00:00:00,11,1,2014,1,5
117,2014-02-01 00:00:00,1,2,2014,1,5
189,2014-04-14 00:00:00,14,4,2014,2,0
223,2014-05-18 00:00:00,18,5,2014,2,6
364,2014-10-06 00:00:00,6,10,2014,4,0
427,2014-12-08 00:00:00,8,12,2014,4,0
934,2016-04-29 00:00:00,29,4,2016,2,4
413,2014-11-24 00:00:00,24,11,2014,4,0
1577,2018-02-03 00:00:00,3,2,2018,1,5
224,2014-05-19 00:00:00,19,5,2014,2,0
387,2014-10-29 00:00:00,29,10,2014,4,2
433,2014-12-14 00:00:00,14,12,2014,4,6
472,2015-01-22 00:00:00,22,1,2015,1,3
607,2015-06-07 00:00:00,7,6,2015,2,6
644,2015-07-14 00:00:00,14,7,2015,3,1
1181,2017-01-02 00:00:00,2,1,2017,1,0
101,2014-01-16 00:00:00,16,1,2014,1,3
103,2014-01-18 00:00:00,18,1,2014,1,5
110,2014-01-25 00:00:00,25,1,2014,1,5
126,2014-02-10 00:00:00,10,2,2014,1,0
131,2014-02-15 00:00:00,15,2,2014,1,5
139,2014-02-23 00:00:00,23,2,2014,1,6
140,2014-02-24 00:00:00,24,2,2014,1,0
145,2014-03-01 00:00:00,1,3,2014,1,5
155,2014-03-11 00:00:00,11,3,2014,1,1
157,2014-03-13 00:00:00,13,3,2014,1,3
162,2014-03-18 00:00:00,18,3,2014,1,1
166,2014-03-22 00:00:00,22,3,2014,1,5
193,2014-04-18 00:00:00,18,4,2014,2,4
221,2014-05-16 00:00:00,16,5,2014,2,4
235,2014-05-30 00:00:00,30,5,2014,2,4
237,2014-06-01 00:00:00,1,6,2014,2,6
246,2014-06-10 00:00:00,10,6,2014,2,1
247,2014-06-11 00:00:00,11,6,2014,2,2
251,2014-06-15 00:00:00,15,6,2014,2,6
257,2014-06-21 00:00:00,21,6,2014,2,5
279,2014-07-13 00:00:00,13,7,2014,3,6
285,2014-07-19 00:00:00,19,7,2014,3,5
294,2014-07-28 00:00:00,28,7,2014,3,0
301,2014-08-04 00:00:00,4,8,2014,3,0
304,2014-08-07 00:00:00,7,8,2014,3,3
306,2014-08-09 00:00:00,9,8,2014,3,5
334,2014-09-06 00:00:00,6,9,2014,3,5
345,2014-09-17 00:00:00,17,9,2014,3,2
347,2014-09-19 00:00:00,19,9,2014,3,4
351,2014-09-23 00:00:00,23,9,2014,3,1
367,2014-10-09 00:00:00,9,10,2014,4,3
375,2014-10-17 00:00:00,17,10,2014,4,4
376,2014-10-18 00:00:00,18,10,2014,4,5
377,2014-10-19 00:00:00,19,10,2014,4,6
394,2014-11-05 00:00:00,5,11,2014,4,2
415,2014-11-26 00:00:00,26,11,2014,4,2
432,2014-12-13 00:00:00,13,12,2014,4,5
471,2015-01-21 00:00:00,21,1,2015,1,2
483,2015-02-02 00:00:00,2,2,2015,1,0
504,2015-02-23 00:00:00,23,2,2015,1,0
553,2015-04-13 00:00:00,13,4,2015,2,0
573,2015-05-04 00:00:00,4,5,2015,2,0
588,2015-05-19 00:00:00,19,5,2015,2,1
773,2015-11-20 00:00:00,20,11,2015,4,4
794,2015-12-11 00:00:00,11,12,2015,4,4
835,2016-01-21 00:00:00,21,1,2016,1,3
847,2016-02-02 00:00:00,2,2,2016,1,1
874,2016-02-29 00:00:00,29,2,2016,1,0
1003,2016-07-08 00:00:00,8,7,2016,3,4
1155,2016-12-07 00:00:00,7,12,2016,4,2
1214,2017-02-05 00:00:00,5,2,2017,1,6
1633,2018-03-31 00:00:00,31,3,2018,1,5
286,2014-07-20 00:00:00,20,7,2014,3,6
578,2015-05-09 00:00:00,9,5,2015,2,5
1427,2017-09-06 00:00:00,6,9,2017,3,2
255,2014-06-19 00:00:00,19,6,2014,2,3
568,2015-04-29 00:00:00,29,4,2015,2,2
875,2016-03-01 00:00:00,1,3,2016,1,1
956,2016-05-21 00:00:00,21,5,2016,2,5
974,2016-06-08 00:00:00,8,6,2016,2,2
997,2016-07-02 00:00:00,2,7,2016,3,5
1002,2016-07-07 00:00:00,7,7,2016,3,3
1074,2016-09-17 00:00:00,17,9,2016,3,5
1193,2017-01-14 00:00:00,14,1,2017,1,5
343,2014-09-15 00:00:00,15,9,2014,3,0
468,2015-01-18 00:00:00,18,1,2015,1,6
1460,2017-10-09 00:00:00,9,10,2017,4,0
373,2014-10-15 00:00:00,15,10,2014,4,2
175,2014-03-31 00:00:00,31,3,2014,1,0
192,2014-04-17 00:00:00,17,4,2014,2,3
344,2014-09-16 00:00:00,16,9,2014,3,1
782,2015-11-29 00:00:00,29,11,2015,4,6
170,2014-03-26 00:00:00,26,3,2014,1,2
395,2014-11-06 00:00:00,6,11,2014,4,3
436,2014-12-17 00:00:00,17,12,2014,4,2
234,2014-05-29 00:00:00,29,5,2014,2,3
1610,2018-03-08 00:00:00,8,3,2018,1,3
11,2013-03-03 00:00:00,3,3,2013,1,6
72,2013-10-07 00:00:00,7,10,2013,4,0
100,2014-01-15 00:00:00,15,1,2014,1,2
129,2014-02-13 00:00:00,13,2,2014,1,3
133,2014-02-17 00:00:00,17,2,2014,1,0
149,2014-03-05 00:00:00,5,3,2014,1,2
199,2014-04-24 00:00:00,24,4,2014,2,3
212,2014-05-07 00:00:00,7,5,2014,2,2
214,2014-05-09 00:00:00,9,5,2014,2,4
220,2014-05-15 00:00:00,15,5,2014,2,3
227,2014-05-22 00:00:00,22,5,2014,2,3
259,2014-06-23 00:00:00,23,6,2014,2,0
317,2014-08-20 00:00:00,20,8,2014,3,2
352,2014-09-24 00:00:00,24,9,2014,3,2
359,2014-10-01 00:00:00,1,10,2014,4,2
408,2014-11-19 00:00:00,19,11,2014,4,2
411,2014-11-22 00:00:00,22,11,2014,4,5
417,2014-11-28 00:00:00,28,11,2014,4,4
439,2014-12-20 00:00:00,20,12,2014,4,5
443,2014-12-24 00:00:00,24,12,2014,4,2
448,2014-12-29 00:00:00,29,12,2014,4,0
450,2014-12-31 00:00:00,31,12,2014,4,2
469,2015-01-19 00:00:00,19,1,2015,1,0
473,2015-01-23 00:00:00,23,1,2015,1,4
478,2015-01-28 00:00:00,28,1,2015,1,2
482,2015-02-01 00:00:00,1,2,2015,1,6
511,2015-03-02 00:00:00,2,3,2015,1,0
1050,2016-08-24 00:00:00,24,8,2016,3,2
529,2015-03-20 00:00:00,20,3,2015,1,4
546,2015-04-06 00:00:00,6,4,2015,2,0
551,2015-04-11 00:00:00,11,4,2015,2,5
569,2015-04-30 00:00:00,30,4,2015,2,3
593,2015-05-24 00:00:00,24,5,2015,2,6
602,2015-06-02 00:00:00,2,6,2015,2,1
625,2015-06-25 00:00:00,25,6,2015,2,3
659,2015-07-29 00:00:00,29,7,2015,3,2
686,2015-08-25 00:00:00,25,8,2015,3,1
693,2015-09-01 00:00:00,1,9,2015,3,1
720,2015-09-28 00:00:00,28,9,2015,3,0
759,2015-11-06 00:00:00,6,11,2015,4,4
780,2015-11-27 00:00:00,27,11,2015,4,4
793,2015-12-10 00:00:00,10,12,2015,4,3
804,2015-12-21 00:00:00,21,12,2015,4,0
824,2016-01-10 00:00:00,10,1,2016,1,6
1430,2017-09-09 00:00:00,9,9,2017,3,5
832,2016-01-18 00:00:00,18,1,2016,1,0
844,2016-01-30 00:00:00,30,1,2016,1,5
909,2016-04-04 00:00:00,4,4,2016,2,0
917,2016-04-12 00:00:00,12,4,2016,2,1
949,2016-05-14 00:00:00,14,5,2016,2,5
953,2016-05-18 00:00:00,18,5,2016,2,2
958,2016-05-23 00:00:00,23,5,2016,2,0
988,2016-06-23 00:00:00,23,6,2016,2,3
1010,2016-07-15 00:00:00,15,7,2016,3,4
1044,2016-08-18 00:00:00,18,8,2016,3,3
1083,2016-09-26 00:00:00,26,9,2016,3,0
1135,2016-11-17 00:00:00,17,11,2016,4,3
1578,2018-02-04 00:00:00,4,2,2018,1,6
104,2014-01-19 00:00:00,19,1,2014,1,6
172,2014-03-28 00:00:00,28,3,2014,1,4
628,2015-06-28 00:00:00,28,6,2015,2,6
817,2016-01-03 00:00:00,3,1,2016,1,6
1115,2016-10-28 00:00:00,28,10,2016,4,4
252,2014-06-16 00:00:00,16,6,2014,2,0
266,2014-06-30 00:00:00,30,6,2014,2,0
267,2014-07-01 00:00:00,1,7,2014,3,1
280,2014-07-14 00:00:00,14,7,2014,3,0
564,2015-04-25 00:00:00,25,4,2015,2,5
918,2016-04-13 00:00:00,13,4,2016,2,2
138,2014-02-22 00:00:00,22,2,2014,1,5
211,2014-05-06 00:00:00,6,5,2014,2,1
114,2014-01-29 00:00:00,29,1,2014,1,2
274,2014-07-08 00:00:00,8,7,2014,3,1
196,2014-04-21 00:00:00,21,4,2014,2,0
323,2014-08-26 00:00:00,26,8,2014,3,1
727,2015-10-05 00:00:00,5,10,2015,4,0
168,2014-03-24 00:00:00,24,3,2014,1,0
169,2014-03-25 00:00:00,25,3,2014,1,1
256,2014-06-20 00:00:00,20,6,2014,2,4
282,2014-07-16 00:00:00,16,7,2014,3,2
290,2014-07-24 00:00:00,24,7,2014,3,3
300,2014-08-03 00:00:00,3,8,2014,3,6
342,2014-09-14 00:00:00,14,9,2014,3,6
348,2014-09-20 00:00:00,20,9,2014,3,5
358,2014-09-30 00:00:00,30,9,2014,3,1
363,2014-10-05 00:00:00,5,10,2014,4,6
446,2014-12-27 00:00:00,27,12,2014,4,5
705,2015-09-13 00:00:00,13,9,2015,3,6
378,2014-10-20 00:00:00,20,10,2014,4,0
536,2015-03-27 00:00:00,27,3,2015,1,4
231,2014-05-26 00:00:00,26,5,2014,2,0
444,2014-12-25 00:00:00,25,12,2014,4,3
726,2015-10-04 00:00:00,4,10,2015,4,6
5,2013-01-26 00:00:00,26,1,2013,1,5
7,2013-02-03 00:00:00,3,2,2013,1,6
8,2013-02-09 00:00:00,9,2,2013,1,5
13,2013-03-07 00:00:00,7,3,2013,1,3
15,2013-03-11 00:00:00,11,3,2013,1,0
17,2013-03-21 00:00:00,21,3,2013,1,3
18,2013-04-18 00:00:00,18,4,2013,2,3
23,2013-04-28 00:00:00,28,4,2013,2,6
24,2013-05-02 00:00:00,2,5,2013,2,3
26,2013-05-11 00:00:00,11,5,2013,2,5
27,2013-05-12 00:00:00,12,5,2013,2,6
31,2013-05-18 00:00:00,18,5,2013,2,5
33,2013-05-23 00:00:00,23,5,2013,2,3
34,2013-05-25 00:00:00,25,5,2013,2,5
36,2013-06-10 00:00:00,10,6,2013,2,0
37,2013-06-15 00:00:00,15,6,2013,2,5
38,2013-06-21 00:00:00,21,6,2013,2,4
40,2013-06-27 00:00:00,27,6,2013,2,3
42,2013-07-02 00:00:00,2,7,2013,3,1
43,2013-07-07 00:00:00,7,7,2013,3,6
47,2013-07-20 00:00:00,20,7,2013,3,5
48,2013-07-26 00:00:00,26,7,2013,3,4
49,2013-07-30 00:00:00,30,7,2013,3,1
51,2013-08-04 00:00:00,4,8,2013,3,6
52,2013-08-05 00:00:00,5,8,2013,3,0
79,2013-11-22 00:00:00,22,11,2013,4,4
53,2013-08-06 00:00:00,6,8,2013,3,1
55,2013-08-14 00:00:00,14,8,2013,3,2
56,2013-08-17 00:00:00,17,8,2013,3,5
57,2013-08-19 00:00:00,19,8,2013,3,0
58,2013-08-20 00:00:00,20,8,2013,3,1
59,2013-08-23 00:00:00,23,8,2013,3,4
61,2013-09-07 00:00:00,7,9,2013,3,5
64,2013-09-15 00:00:00,15,9,2013,3,6
66,2013-09-19 00:00:00,19,9,2013,3,3
68,2013-09-22 00:00:00,22,9,2013,3,6
69,2013-09-24 00:00:00,24,9,2013,3,1
74,2013-10-13 00:00:00,13,10,2013,4,6
76,2013-10-27 00:00:00,27,10,2013,4,6
77,2013-11-10 00:00:00,10,11,2013,4,6
82,2013-12-07 00:00:00,7,12,2013,4,5
85,2013-12-26 00:00:00,26,12,2013,4,3
87,2014-01-02 00:00:00,2,1,2014,1,3
88,2014-01-03 00:00:00,3,1,2014,1,4
89,2014-01-04 00:00:00,4,1,2014,1,5
90,2014-01-05 00:00:00,5,1,2014,1,6
94,2014-01-09 00:00:00,9,1,2014,1,3
102,2014-01-17 00:00:00,17,1,2014,1,4
105,2014-01-20 00:00:00,20,1,2014,1,0
106,2014-01-21 00:00:00,21,1,2014,1,1
113,2014-01-28 00:00:00,28,1,2014,1,1
116,2014-01-31 00:00:00,31,1,2014,1,4
119,2014-02-03 00:00:00,3,2,2014,1,0
122,2014-02-06 00:00:00,6,2,2014,1,3
128,2014-02-12 00:00:00,12,2,2014,1,2
236,2014-05-31 00:00:00,31,5,2014,2,5
130,2014-02-14 00:00:00,14,2,2014,1,4
134,2014-02-18 00:00:00,18,2,2014,1,1
135,2014-02-19 00:00:00,19,2,2014,1,2
146,2014-03-02 00:00:00,2,3,2014,1,6
148,2014-03-04 00:00:00,4,3,2014,1,1
151,2014-03-07 00:00:00,7,3,2014,1,4
152,2014-03-08 00:00:00,8,3,2014,1,5
154,2014-03-10 00:00:00,10,3,2014,1,0
156,2014-03-12 00:00:00,12,3,2014,1,2
160,2014-03-16 00:00:00,16,3,2014,1,6
164,2014-03-20 00:00:00,20,3,2014,1,3
174,2014-03-30 00:00:00,30,3,2014,1,6
177,2014-04-02 00:00:00,2,4,2014,2,2
178,2014-04-03 00:00:00,3,4,2014,2,3
182,2014-04-07 00:00:00,7,4,2014,2,0
183,2014-04-08 00:00:00,8,4,2014,2,1
93,2014-01-08 00:00:00,8,1,2014,1,2
191,2014-04-16 00:00:00,16,4,2014,2,2
198,2014-04-23 00:00:00,23,4,2014,2,2
201,2014-04-26 00:00:00,26,4,2014,2,5
202,2014-04-27 00:00:00,27,4,2014,2,6
203,2014-04-28 00:00:00,28,4,2014,2,0
206,2014-05-01 00:00:00,1,5,2014,2,3
209,2014-05-04 00:00:00,4,5,2014,2,6
215,2014-05-10 00:00:00,10,5,2014,2,5
216,2014-05-11 00:00:00,11,5,2014,2,6
217,2014-05-12 00:00:00,12,5,2014,2,0
218,2014-05-13 00:00:00,13,5,2014,2,1
219,2014-05-14 00:00:00,14,5,2014,2,2
222,2014-05-17 00:00:00,17,5,2014,2,5
238,2014-06-02 00:00:00,2,6,2014,2,0
241,2014-06-05 00:00:00,5,6,2014,2,3
242,2014-06-06 00:00:00,6,6,2014,2,4
243,2014-06-07 00:00:00,7,6,2014,2,5
244,2014-06-08 00:00:00,8,6,2014,2,6
245,2014-06-09 00:00:00,9,6,2014,2,0
118,2014-02-02 00:00:00,2,2,2014,1,6
249,2014-06-13 00:00:00,13,6,2014,2,4
250,2014-06-14 00:00:00,14,6,2014,2,5
253,2014-06-17 00:00:00,17,6,2014,2,1
254,2014-06-18 00:00:00,18,6,2014,2,2
258,2014-06-22 00:00:00,22,6,2014,2,6
261,2014-06-25 00:00:00,25,6,2014,2,2
262,2014-06-26 00:00:00,26,6,2014,2,3
265,2014-06-29 00:00:00,29,6,2014,2,6
268,2014-07-02 00:00:00,2,7,2014,3,2
270,2014-07-04 00:00:00,4,7,2014,3,4
271,2014-07-05 00:00:00,5,7,2014,3,5
272,2014-07-06 00:00:00,6,7,2014,3,6
273,2014-07-07 00:00:00,7,7,2014,3,0
288,2014-07-22 00:00:00,22,7,2014,3,1
289,2014-07-23 00:00:00,23,7,2014,3,2
291,2014-07-25 00:00:00,25,7,2014,3,4
292,2014-07-26 00:00:00,26,7,2014,3,5
310,2014-08-13 00:00:00,13,8,2014,3,2
312,2014-08-15 00:00:00,15,8,2014,3,4
313,2014-08-16 00:00:00,16,8,2014,3,5
314,2014-08-17 00:00:00,17,8,2014,3,6
315,2014-08-18 00:00:00,18,8,2014,3,0
318,2014-08-21 00:00:00,21,8,2014,3,3
320,2014-08-23 00:00:00,23,8,2014,3,5
321,2014-08-24 00:00:00,24,8,2014,3,6
194,2014-04-19 00:00:00,19,4,2014,2,5
324,2014-08-27 00:00:00,27,8,2014,3,2
326,2014-08-29 00:00:00,29,8,2014,3,4
327,2014-08-30 00:00:00,30,8,2014,3,5
328,2014-08-31 00:00:00,31,8,2014,3,6
330,2014-09-02 00:00:00,2,9,2014,3,1
331,2014-09-03 00:00:00,3,9,2014,3,2
346,2014-09-18 00:00:00,18,9,2014,3,3
336,2014-09-08 00:00:00,8,9,2014,3,0
338,2014-09-10 00:00:00,10,9,2014,3,2
353,2014-09-25 00:00:00,25,9,2014,3,3
355,2014-09-27 00:00:00,27,9,2014,3,5
109,2014-01-24 00:00:00,24,1,2014,1,4
361,2014-10-03 00:00:00,3,10,2014,4,4
366,2014-10-08 00:00:00,8,10,2014,4,2
369,2014-10-11 00:00:00,11,10,2014,4,5
371,2014-10-13 00:00:00,13,10,2014,4,0
374,2014-10-16 00:00:00,16,10,2014,4,3
379,2014-10-21 00:00:00,21,10,2014,4,1
380,2014-10-22 00:00:00,22,10,2014,4,2
382,2014-10-24 00:00:00,24,10,2014,4,4
383,2014-10-25 00:00:00,25,10,2014,4,5
386,2014-10-28 00:00:00,28,10,2014,4,1
389,2014-10-31 00:00:00,31,10,2014,4,4
390,2014-11-01 00:00:00,1,11,2014,4,5
392,2014-11-03 00:00:00,3,11,2014,4,0
393,2014-11-04 00:00:00,4,11,2014,4,1
396,2014-11-07 00:00:00,7,11,2014,4,4
398,2014-11-09 00:00:00,9,11,2014,4,6
402,2014-11-13 00:00:00,13,11,2014,4,3
404,2014-11-15 00:00:00,15,11,2014,4,5
406,2014-11-17 00:00:00,17,11,2014,4,0
409,2014-11-20 00:00:00,20,11,2014,4,3
410,2014-11-21 00:00:00,21,11,2014,4,4
414,2014-11-25 00:00:00,25,11,2014,4,1
420,2014-12-01 00:00:00,1,12,2014,4,0
423,2014-12-04 00:00:00,4,12,2014,4,3
462,2015-01-12 00:00:00,12,1,2015,1,0
442,2014-12-23 00:00:00,23,12,2014,4,1
445,2014-12-26 00:00:00,26,12,2014,4,4
490,2015-02-09 00:00:00,9,2,2015,1,0
457,2015-01-07 00:00:00,7,1,2015,1,2
463,2015-01-13 00:00:00,13,1,2015,1,1
481,2015-01-31 00:00:00,31,1,2015,1,5
484,2015-02-03 00:00:00,3,2,2015,1,1
501,2015-02-20 00:00:00,20,2,2015,1,4
575,2015-05-06 00:00:00,6,5,2015,2,2
121,2014-02-05 00:00:00,5,2,2014,1,2
147,2014-03-03 00:00:00,3,3,2014,1,0
608,2015-06-08 00:00:00,8,6,2015,2,0
943,2016-05-08 00:00:00,8,5,2016,2,6
722,2015-09-30 00:00:00,30,9,2015,3,2
930,2016-04-25 00:00:00,25,4,2016,2,0
766,2015-11-13 00:00:00,13,11,2015,4,4
807,2015-12-24 00:00:00,24,12,2015,4,3
853,2016-02-08 00:00:00,8,2,2016,1,0
977,2016-06-11 00:00:00,11,6,2016,2,5
405,2014-11-16 00:00:00,16,11,2014,4,6
2,2013-01-19 00:00:00,19,1,2013,1,5
3,2013-01-23 00:00:00,23,1,2013,1,2
4,2013-01-25 00:00:00,25,1,2013,1,4
10,2013-02-19 00:00:00,19,2,2013,1,1
12,2013-03-04 00:00:00,4,3,2013,1,0
16,2013-03-13 00:00:00,13,3,2013,1,2
19,2013-04-21 00:00:00,21,4,2013,2,6
21,2013-04-24 00:00:00,24,4,2013,2,2
35,2013-06-07 00:00:00,7,6,2013,2,4
44,2013-07-12 00:00:00,12,7,2013,3,4
54,2013-08-09 00:00:00,9,8,2013,3,4
60,2013-08-25 00:00:00,25,8,2013,3,6
65,2013-09-16 00:00:00,16,9,2013,3,0
67,2013-09-20 00:00:00,20,9,2013,3,4
71,2013-10-05 00:00:00,5,10,2013,4,5
75,2013-10-26 00:00:00,26,10,2013,4,5
78,2013-11-11 00:00:00,11,11,2013,4,0
81,2013-12-01 00:00:00,1,12,2013,4,6
83,2013-12-22 00:00:00,22,12,2013,4,6
84,2013-12-25 00:00:00,25,12,2013,4,2
124,2014-02-08 00:00:00,8,2,2014,1,5
125,2014-02-09 00:00:00,9,2,2014,1,6
127,2014-02-11 00:00:00,11,2,2014,1,1
137,2014-02-21 00:00:00,21,2,2014,1,4
142,2014-02-26 00:00:00,26,2,2014,1,2
144,2014-02-28 00:00:00,28,2,2014,1,4
159,2014-03-15 00:00:00,15,3,2014,1,5
179,2014-04-04 00:00:00,4,4,2014,2,4
185,2014-04-10 00:00:00,10,4,2014,2,3
187,2014-04-12 00:00:00,12,4,2014,2,5
190,2014-04-15 00:00:00,15,4,2014,2,1
225,2014-05-20 00:00:00,20,5,2014,2,1
240,2014-06-04 00:00:00,4,6,2014,2,2
277,2014-07-11 00:00:00,11,7,2014,3,4
278,2014-07-12 00:00:00,12,7,2014,3,5
329,2014-09-01 00:00:00,1,9,2014,3,0
337,2014-09-09 00:00:00,9,9,2014,3,1
340,2014-09-12 00:00:00,12,9,2014,3,4
354,2014-09-26 00:00:00,26,9,2014,3,4
401,2014-11-12 00:00:00,12,11,2014,4,2
32,2013-05-19 00:00:00,19,5,2013,2,6
1,2013-01-07 00:00:00,7,1,2013,1,0
9,2013-02-11 00:00:00,11,2,2013,1,0
14,2013-03-10 00:00:00,10,3,2013,1,6
22,2013-04-25 00:00:00,25,4,2013,2,3
25,2013-05-04 00:00:00,4,5,2013,2,5
28,2013-05-13 00:00:00,13,5,2013,2,0
39,2013-06-23 00:00:00,23,6,2013,2,6
50,2013-08-02 00:00:00,2,8,2013,3,4
62,2013-09-11 00:00:00,11,9,2013,3,2
80,2013-11-28 00:00:00,28,11,2013,4,3
6,2013-02-02 00:00:00,2,2,2013,1,5
357,2014-09-29 00:00:00,29,9,2014,3,0
45,2013-07-13 00:00:00,13,7,2013,3,5
335,2014-09-07 00:00:00,7,9,2014,3,6
63,2013-09-14 00:00:00,14,9,2013,3,5
29,2013-05-14 00:00:00,14,5,2013,2,1
41,2013-07-01 00:00:00,1,7,2013,3,0
46,2013-07-14 00:00:00,14,7,2013,3,6
